ISO-10303-21;
HEADER;
/* Generated by software containing ST-Developer
 * from STEP Tools, Inc. (www.steptools.com) 
 */
/* OPTION: using custom renumber hook */

FILE_DESCRIPTION(
/* description */ ('STEP AP242 Edition 2',
'CAx-IF Rec.Pracs.---Representation and Presentation of Product Manufa
cturing Information (PMI)---4.0---2014-10-13',
'CAx-IF Rec.Pracs.---3D Tessellated Geometry---0.4---2014-09-14','2;1',
'CAx-IF Rec.Pracs.---User Defined Attributes---1.5---2016-08-15'),
/* implementation_level */ '2;1');

FILE_NAME(
/* name */ '694ac28775319ec05cd5fd53',
/* time_stamp */ '2025-12-23T16:25:43Z',
/* author */ (''),
/* organization */ (''),
/* preprocessor_version */ 'ST-DEVELOPER v20',
/* originating_system */ 'ONSHAPE BY PTC INC, 1.208',
/* authorisation */ '  ');

FILE_SCHEMA (('AP242_MANAGED_MODEL_BASED_3D_ENGINEERING_MIM_LF { 1 0 10303 442 3 1 4 }'));
ENDSEC;

DATA;
#10=SHAPE_REPRESENTATION_RELATIONSHIP('','',#1436,#20);
#11=SHAPE_REPRESENTATION_RELATIONSHIP('','',#1437,#21);
#12=SHAPE_REPRESENTATION_RELATIONSHIP('','',#1438,#22);
#13=SHAPE_REPRESENTATION_RELATIONSHIP('','',#1439,#23);
#14=SHAPE_REPRESENTATION_RELATIONSHIP('','',#1440,#24);
#15=SHAPE_REPRESENTATION_RELATIONSHIP('','',#1441,#25);
#16=SHAPE_REPRESENTATION_RELATIONSHIP('','',#1442,#26);
#17=SHAPE_REPRESENTATION_RELATIONSHIP('','',#1443,#27);
#18=SHAPE_REPRESENTATION_RELATIONSHIP('','',#1444,#28);
#19=SHAPE_REPRESENTATION_RELATIONSHIP('','',#1445,#29);
#20=ADVANCED_BREP_SHAPE_REPRESENTATION('',(#1416),#2320);
#21=ADVANCED_BREP_SHAPE_REPRESENTATION('',(#1417),#2321);
#22=ADVANCED_BREP_SHAPE_REPRESENTATION('',(#1418),#2322);
#23=ADVANCED_BREP_SHAPE_REPRESENTATION('',(#1419),#2323);
#24=ADVANCED_BREP_SHAPE_REPRESENTATION('',(#1420),#2324);
#25=ADVANCED_BREP_SHAPE_REPRESENTATION('',(#1421),#2325);
#26=ADVANCED_BREP_SHAPE_REPRESENTATION('',(#1422),#2326);
#27=ADVANCED_BREP_SHAPE_REPRESENTATION('',(#1423),#2327);
#28=ADVANCED_BREP_SHAPE_REPRESENTATION('',(#1424),#2328);
#29=ADVANCED_BREP_SHAPE_REPRESENTATION('',(#1425),#2329);
#30=CIRCLE('',#1449,0.000399999999999986);
#31=CIRCLE('',#1450,0.000399999999999986);
#32=CIRCLE('',#1453,0.0004);
#33=CIRCLE('',#1454,0.0004);
#34=CIRCLE('',#1457,0.0004);
#35=CIRCLE('',#1458,0.0004);
#36=CIRCLE('',#1461,0.0004);
#37=CIRCLE('',#1462,0.0004);
#38=CIRCLE('',#1465,0.0004);
#39=CIRCLE('',#1466,0.0004);
#40=CIRCLE('',#1471,0.0005);
#41=CIRCLE('',#1472,0.0005);
#42=CIRCLE('',#1475,0.0005);
#43=CIRCLE('',#1476,0.0005);
#44=CIRCLE('',#1479,0.0005);
#45=CIRCLE('',#1480,0.0005);
#46=CIRCLE('',#1485,0.0004);
#47=CIRCLE('',#1486,0.0004);
#48=CYLINDRICAL_SURFACE('',#1448,0.000399999999999986);
#49=CYLINDRICAL_SURFACE('',#1452,0.0004);
#50=CYLINDRICAL_SURFACE('',#1456,0.0004);
#51=CYLINDRICAL_SURFACE('',#1460,0.0004);
#52=CYLINDRICAL_SURFACE('',#1464,0.0004);
#53=CYLINDRICAL_SURFACE('',#1470,0.0005);
#54=CYLINDRICAL_SURFACE('',#1474,0.0005);
#55=CYLINDRICAL_SURFACE('',#1478,0.0005);
#56=CYLINDRICAL_SURFACE('',#1484,0.0004);
#57=ORIENTED_EDGE('',*,*,#411,.T.);
#58=ORIENTED_EDGE('',*,*,#412,.F.);
#59=ORIENTED_EDGE('',*,*,#413,.F.);
#60=ORIENTED_EDGE('',*,*,#414,.T.);
#61=ORIENTED_EDGE('',*,*,#415,.T.);
#62=ORIENTED_EDGE('',*,*,#416,.F.);
#63=ORIENTED_EDGE('',*,*,#417,.F.);
#64=ORIENTED_EDGE('',*,*,#412,.T.);
#65=ORIENTED_EDGE('',*,*,#418,.F.);
#66=ORIENTED_EDGE('',*,*,#419,.F.);
#67=ORIENTED_EDGE('',*,*,#420,.T.);
#68=ORIENTED_EDGE('',*,*,#416,.T.);
#69=ORIENTED_EDGE('',*,*,#421,.T.);
#70=ORIENTED_EDGE('',*,*,#422,.F.);
#71=ORIENTED_EDGE('',*,*,#423,.F.);
#72=ORIENTED_EDGE('',*,*,#419,.T.);
#73=ORIENTED_EDGE('',*,*,#424,.T.);
#74=ORIENTED_EDGE('',*,*,#425,.F.);
#75=ORIENTED_EDGE('',*,*,#426,.F.);
#76=ORIENTED_EDGE('',*,*,#422,.T.);
#77=ORIENTED_EDGE('',*,*,#427,.T.);
#78=ORIENTED_EDGE('',*,*,#428,.F.);
#79=ORIENTED_EDGE('',*,*,#429,.F.);
#80=ORIENTED_EDGE('',*,*,#425,.T.);
#81=ORIENTED_EDGE('',*,*,#430,.T.);
#82=ORIENTED_EDGE('',*,*,#431,.F.);
#83=ORIENTED_EDGE('',*,*,#432,.F.);
#84=ORIENTED_EDGE('',*,*,#428,.T.);
#85=ORIENTED_EDGE('',*,*,#433,.T.);
#86=ORIENTED_EDGE('',*,*,#434,.F.);
#87=ORIENTED_EDGE('',*,*,#435,.F.);
#88=ORIENTED_EDGE('',*,*,#431,.T.);
#89=ORIENTED_EDGE('',*,*,#436,.T.);
#90=ORIENTED_EDGE('',*,*,#437,.F.);
#91=ORIENTED_EDGE('',*,*,#438,.F.);
#92=ORIENTED_EDGE('',*,*,#434,.T.);
#93=ORIENTED_EDGE('',*,*,#439,.T.);
#94=ORIENTED_EDGE('',*,*,#440,.F.);
#95=ORIENTED_EDGE('',*,*,#441,.F.);
#96=ORIENTED_EDGE('',*,*,#437,.T.);
#97=ORIENTED_EDGE('',*,*,#442,.T.);
#98=ORIENTED_EDGE('',*,*,#443,.F.);
#99=ORIENTED_EDGE('',*,*,#444,.F.);
#100=ORIENTED_EDGE('',*,*,#440,.T.);
#101=ORIENTED_EDGE('',*,*,#445,.T.);
#102=ORIENTED_EDGE('',*,*,#446,.F.);
#103=ORIENTED_EDGE('',*,*,#447,.F.);
#104=ORIENTED_EDGE('',*,*,#443,.T.);
#105=ORIENTED_EDGE('',*,*,#448,.F.);
#106=ORIENTED_EDGE('',*,*,#449,.F.);
#107=ORIENTED_EDGE('',*,*,#450,.T.);
#108=ORIENTED_EDGE('',*,*,#446,.T.);
#109=ORIENTED_EDGE('',*,*,#451,.F.);
#110=ORIENTED_EDGE('',*,*,#452,.F.);
#111=ORIENTED_EDGE('',*,*,#453,.T.);
#112=ORIENTED_EDGE('',*,*,#449,.T.);
#113=ORIENTED_EDGE('',*,*,#454,.T.);
#114=ORIENTED_EDGE('',*,*,#455,.F.);
#115=ORIENTED_EDGE('',*,*,#456,.F.);
#116=ORIENTED_EDGE('',*,*,#452,.T.);
#117=ORIENTED_EDGE('',*,*,#457,.F.);
#118=ORIENTED_EDGE('',*,*,#458,.F.);
#119=ORIENTED_EDGE('',*,*,#459,.T.);
#120=ORIENTED_EDGE('',*,*,#455,.T.);
#121=ORIENTED_EDGE('',*,*,#460,.T.);
#122=ORIENTED_EDGE('',*,*,#461,.F.);
#123=ORIENTED_EDGE('',*,*,#462,.F.);
#124=ORIENTED_EDGE('',*,*,#458,.T.);
#125=ORIENTED_EDGE('',*,*,#463,.F.);
#126=ORIENTED_EDGE('',*,*,#464,.F.);
#127=ORIENTED_EDGE('',*,*,#465,.T.);
#128=ORIENTED_EDGE('',*,*,#461,.T.);
#129=ORIENTED_EDGE('',*,*,#466,.T.);
#130=ORIENTED_EDGE('',*,*,#467,.F.);
#131=ORIENTED_EDGE('',*,*,#468,.F.);
#132=ORIENTED_EDGE('',*,*,#464,.T.);
#133=ORIENTED_EDGE('',*,*,#469,.F.);
#134=ORIENTED_EDGE('',*,*,#470,.F.);
#135=ORIENTED_EDGE('',*,*,#471,.T.);
#136=ORIENTED_EDGE('',*,*,#467,.T.);
#137=ORIENTED_EDGE('',*,*,#472,.F.);
#138=ORIENTED_EDGE('',*,*,#473,.F.);
#139=ORIENTED_EDGE('',*,*,#474,.T.);
#140=ORIENTED_EDGE('',*,*,#470,.T.);
#141=ORIENTED_EDGE('',*,*,#475,.T.);
#142=ORIENTED_EDGE('',*,*,#414,.F.);
#143=ORIENTED_EDGE('',*,*,#476,.F.);
#144=ORIENTED_EDGE('',*,*,#473,.T.);
#145=ORIENTED_EDGE('',*,*,#413,.T.);
#146=ORIENTED_EDGE('',*,*,#417,.T.);
#147=ORIENTED_EDGE('',*,*,#420,.F.);
#148=ORIENTED_EDGE('',*,*,#423,.T.);
#149=ORIENTED_EDGE('',*,*,#426,.T.);
#150=ORIENTED_EDGE('',*,*,#429,.T.);
#151=ORIENTED_EDGE('',*,*,#432,.T.);
#152=ORIENTED_EDGE('',*,*,#435,.T.);
#153=ORIENTED_EDGE('',*,*,#438,.T.);
#154=ORIENTED_EDGE('',*,*,#441,.T.);
#155=ORIENTED_EDGE('',*,*,#444,.T.);
#156=ORIENTED_EDGE('',*,*,#447,.T.);
#157=ORIENTED_EDGE('',*,*,#450,.F.);
#158=ORIENTED_EDGE('',*,*,#453,.F.);
#159=ORIENTED_EDGE('',*,*,#456,.T.);
#160=ORIENTED_EDGE('',*,*,#459,.F.);
#161=ORIENTED_EDGE('',*,*,#462,.T.);
#162=ORIENTED_EDGE('',*,*,#465,.F.);
#163=ORIENTED_EDGE('',*,*,#468,.T.);
#164=ORIENTED_EDGE('',*,*,#471,.F.);
#165=ORIENTED_EDGE('',*,*,#474,.F.);
#166=ORIENTED_EDGE('',*,*,#476,.T.);
#167=ORIENTED_EDGE('',*,*,#411,.F.);
#168=ORIENTED_EDGE('',*,*,#475,.F.);
#169=ORIENTED_EDGE('',*,*,#472,.T.);
#170=ORIENTED_EDGE('',*,*,#469,.T.);
#171=ORIENTED_EDGE('',*,*,#466,.F.);
#172=ORIENTED_EDGE('',*,*,#463,.T.);
#173=ORIENTED_EDGE('',*,*,#460,.F.);
#174=ORIENTED_EDGE('',*,*,#457,.T.);
#175=ORIENTED_EDGE('',*,*,#454,.F.);
#176=ORIENTED_EDGE('',*,*,#451,.T.);
#177=ORIENTED_EDGE('',*,*,#448,.T.);
#178=ORIENTED_EDGE('',*,*,#445,.F.);
#179=ORIENTED_EDGE('',*,*,#442,.F.);
#180=ORIENTED_EDGE('',*,*,#439,.F.);
#181=ORIENTED_EDGE('',*,*,#436,.F.);
#182=ORIENTED_EDGE('',*,*,#433,.F.);
#183=ORIENTED_EDGE('',*,*,#430,.F.);
#184=ORIENTED_EDGE('',*,*,#427,.F.);
#185=ORIENTED_EDGE('',*,*,#424,.F.);
#186=ORIENTED_EDGE('',*,*,#421,.F.);
#187=ORIENTED_EDGE('',*,*,#418,.T.);
#188=ORIENTED_EDGE('',*,*,#415,.F.);
#189=ORIENTED_EDGE('',*,*,#477,.F.);
#190=ORIENTED_EDGE('',*,*,#478,.T.);
#191=ORIENTED_EDGE('',*,*,#479,.T.);
#192=ORIENTED_EDGE('',*,*,#480,.T.);
#193=ORIENTED_EDGE('',*,*,#481,.F.);
#194=ORIENTED_EDGE('',*,*,#482,.T.);
#195=ORIENTED_EDGE('',*,*,#483,.T.);
#196=ORIENTED_EDGE('',*,*,#484,.F.);
#197=ORIENTED_EDGE('',*,*,#485,.T.);
#198=ORIENTED_EDGE('',*,*,#486,.F.);
#199=ORIENTED_EDGE('',*,*,#487,.F.);
#200=ORIENTED_EDGE('',*,*,#484,.T.);
#201=ORIENTED_EDGE('',*,*,#488,.F.);
#202=ORIENTED_EDGE('',*,*,#480,.F.);
#203=ORIENTED_EDGE('',*,*,#489,.T.);
#204=ORIENTED_EDGE('',*,*,#486,.T.);
#205=ORIENTED_EDGE('',*,*,#479,.F.);
#206=ORIENTED_EDGE('',*,*,#490,.T.);
#207=ORIENTED_EDGE('',*,*,#481,.T.);
#208=ORIENTED_EDGE('',*,*,#487,.T.);
#209=ORIENTED_EDGE('',*,*,#489,.F.);
#210=ORIENTED_EDGE('',*,*,#483,.F.);
#211=ORIENTED_EDGE('',*,*,#491,.T.);
#212=ORIENTED_EDGE('',*,*,#477,.T.);
#213=ORIENTED_EDGE('',*,*,#488,.T.);
#214=ORIENTED_EDGE('',*,*,#485,.F.);
#215=ORIENTED_EDGE('',*,*,#490,.F.);
#216=ORIENTED_EDGE('',*,*,#478,.F.);
#217=ORIENTED_EDGE('',*,*,#491,.F.);
#218=ORIENTED_EDGE('',*,*,#482,.F.);
#219=ORIENTED_EDGE('',*,*,#492,.F.);
#220=ORIENTED_EDGE('',*,*,#493,.F.);
#221=ORIENTED_EDGE('',*,*,#494,.T.);
#222=ORIENTED_EDGE('',*,*,#495,.T.);
#223=ORIENTED_EDGE('',*,*,#496,.T.);
#224=ORIENTED_EDGE('',*,*,#497,.F.);
#225=ORIENTED_EDGE('',*,*,#498,.F.);
#226=ORIENTED_EDGE('',*,*,#493,.T.);
#227=ORIENTED_EDGE('',*,*,#499,.T.);
#228=ORIENTED_EDGE('',*,*,#500,.F.);
#229=ORIENTED_EDGE('',*,*,#501,.F.);
#230=ORIENTED_EDGE('',*,*,#497,.T.);
#231=ORIENTED_EDGE('',*,*,#502,.F.);
#232=ORIENTED_EDGE('',*,*,#495,.F.);
#233=ORIENTED_EDGE('',*,*,#503,.T.);
#234=ORIENTED_EDGE('',*,*,#500,.T.);
#235=ORIENTED_EDGE('',*,*,#494,.F.);
#236=ORIENTED_EDGE('',*,*,#498,.T.);
#237=ORIENTED_EDGE('',*,*,#501,.T.);
#238=ORIENTED_EDGE('',*,*,#503,.F.);
#239=ORIENTED_EDGE('',*,*,#492,.T.);
#240=ORIENTED_EDGE('',*,*,#502,.T.);
#241=ORIENTED_EDGE('',*,*,#499,.F.);
#242=ORIENTED_EDGE('',*,*,#496,.F.);
#243=ORIENTED_EDGE('',*,*,#504,.F.);
#244=ORIENTED_EDGE('',*,*,#505,.F.);
#245=ORIENTED_EDGE('',*,*,#506,.T.);
#246=ORIENTED_EDGE('',*,*,#507,.T.);
#247=ORIENTED_EDGE('',*,*,#508,.T.);
#248=ORIENTED_EDGE('',*,*,#509,.F.);
#249=ORIENTED_EDGE('',*,*,#510,.F.);
#250=ORIENTED_EDGE('',*,*,#505,.T.);
#251=ORIENTED_EDGE('',*,*,#511,.T.);
#252=ORIENTED_EDGE('',*,*,#512,.F.);
#253=ORIENTED_EDGE('',*,*,#513,.F.);
#254=ORIENTED_EDGE('',*,*,#509,.T.);
#255=ORIENTED_EDGE('',*,*,#514,.F.);
#256=ORIENTED_EDGE('',*,*,#507,.F.);
#257=ORIENTED_EDGE('',*,*,#515,.T.);
#258=ORIENTED_EDGE('',*,*,#512,.T.);
#259=ORIENTED_EDGE('',*,*,#506,.F.);
#260=ORIENTED_EDGE('',*,*,#510,.T.);
#261=ORIENTED_EDGE('',*,*,#513,.T.);
#262=ORIENTED_EDGE('',*,*,#515,.F.);
#263=ORIENTED_EDGE('',*,*,#504,.T.);
#264=ORIENTED_EDGE('',*,*,#514,.T.);
#265=ORIENTED_EDGE('',*,*,#511,.F.);
#266=ORIENTED_EDGE('',*,*,#508,.F.);
#267=ORIENTED_EDGE('',*,*,#516,.F.);
#268=ORIENTED_EDGE('',*,*,#517,.F.);
#269=ORIENTED_EDGE('',*,*,#518,.T.);
#270=ORIENTED_EDGE('',*,*,#519,.T.);
#271=ORIENTED_EDGE('',*,*,#520,.T.);
#272=ORIENTED_EDGE('',*,*,#521,.F.);
#273=ORIENTED_EDGE('',*,*,#522,.F.);
#274=ORIENTED_EDGE('',*,*,#517,.T.);
#275=ORIENTED_EDGE('',*,*,#523,.T.);
#276=ORIENTED_EDGE('',*,*,#524,.F.);
#277=ORIENTED_EDGE('',*,*,#525,.F.);
#278=ORIENTED_EDGE('',*,*,#521,.T.);
#279=ORIENTED_EDGE('',*,*,#526,.F.);
#280=ORIENTED_EDGE('',*,*,#519,.F.);
#281=ORIENTED_EDGE('',*,*,#527,.T.);
#282=ORIENTED_EDGE('',*,*,#524,.T.);
#283=ORIENTED_EDGE('',*,*,#518,.F.);
#284=ORIENTED_EDGE('',*,*,#522,.T.);
#285=ORIENTED_EDGE('',*,*,#525,.T.);
#286=ORIENTED_EDGE('',*,*,#527,.F.);
#287=ORIENTED_EDGE('',*,*,#516,.T.);
#288=ORIENTED_EDGE('',*,*,#526,.T.);
#289=ORIENTED_EDGE('',*,*,#523,.F.);
#290=ORIENTED_EDGE('',*,*,#520,.F.);
#291=ORIENTED_EDGE('',*,*,#528,.F.);
#292=ORIENTED_EDGE('',*,*,#529,.F.);
#293=ORIENTED_EDGE('',*,*,#530,.T.);
#294=ORIENTED_EDGE('',*,*,#531,.T.);
#295=ORIENTED_EDGE('',*,*,#532,.T.);
#296=ORIENTED_EDGE('',*,*,#533,.F.);
#297=ORIENTED_EDGE('',*,*,#534,.F.);
#298=ORIENTED_EDGE('',*,*,#529,.T.);
#299=ORIENTED_EDGE('',*,*,#535,.T.);
#300=ORIENTED_EDGE('',*,*,#536,.F.);
#301=ORIENTED_EDGE('',*,*,#537,.F.);
#302=ORIENTED_EDGE('',*,*,#533,.T.);
#303=ORIENTED_EDGE('',*,*,#538,.F.);
#304=ORIENTED_EDGE('',*,*,#531,.F.);
#305=ORIENTED_EDGE('',*,*,#539,.T.);
#306=ORIENTED_EDGE('',*,*,#536,.T.);
#307=ORIENTED_EDGE('',*,*,#530,.F.);
#308=ORIENTED_EDGE('',*,*,#534,.T.);
#309=ORIENTED_EDGE('',*,*,#537,.T.);
#310=ORIENTED_EDGE('',*,*,#539,.F.);
#311=ORIENTED_EDGE('',*,*,#528,.T.);
#312=ORIENTED_EDGE('',*,*,#538,.T.);
#313=ORIENTED_EDGE('',*,*,#535,.F.);
#314=ORIENTED_EDGE('',*,*,#532,.F.);
#315=ORIENTED_EDGE('',*,*,#540,.F.);
#316=ORIENTED_EDGE('',*,*,#541,.F.);
#317=ORIENTED_EDGE('',*,*,#542,.T.);
#318=ORIENTED_EDGE('',*,*,#543,.T.);
#319=ORIENTED_EDGE('',*,*,#544,.T.);
#320=ORIENTED_EDGE('',*,*,#545,.F.);
#321=ORIENTED_EDGE('',*,*,#546,.F.);
#322=ORIENTED_EDGE('',*,*,#541,.T.);
#323=ORIENTED_EDGE('',*,*,#547,.T.);
#324=ORIENTED_EDGE('',*,*,#548,.F.);
#325=ORIENTED_EDGE('',*,*,#549,.F.);
#326=ORIENTED_EDGE('',*,*,#545,.T.);
#327=ORIENTED_EDGE('',*,*,#550,.F.);
#328=ORIENTED_EDGE('',*,*,#543,.F.);
#329=ORIENTED_EDGE('',*,*,#551,.T.);
#330=ORIENTED_EDGE('',*,*,#548,.T.);
#331=ORIENTED_EDGE('',*,*,#542,.F.);
#332=ORIENTED_EDGE('',*,*,#546,.T.);
#333=ORIENTED_EDGE('',*,*,#549,.T.);
#334=ORIENTED_EDGE('',*,*,#551,.F.);
#335=ORIENTED_EDGE('',*,*,#540,.T.);
#336=ORIENTED_EDGE('',*,*,#550,.T.);
#337=ORIENTED_EDGE('',*,*,#547,.F.);
#338=ORIENTED_EDGE('',*,*,#544,.F.);
#339=ORIENTED_EDGE('',*,*,#552,.F.);
#340=ORIENTED_EDGE('',*,*,#553,.F.);
#341=ORIENTED_EDGE('',*,*,#554,.T.);
#342=ORIENTED_EDGE('',*,*,#555,.T.);
#343=ORIENTED_EDGE('',*,*,#556,.T.);
#344=ORIENTED_EDGE('',*,*,#557,.F.);
#345=ORIENTED_EDGE('',*,*,#558,.F.);
#346=ORIENTED_EDGE('',*,*,#553,.T.);
#347=ORIENTED_EDGE('',*,*,#559,.T.);
#348=ORIENTED_EDGE('',*,*,#560,.F.);
#349=ORIENTED_EDGE('',*,*,#561,.F.);
#350=ORIENTED_EDGE('',*,*,#557,.T.);
#351=ORIENTED_EDGE('',*,*,#562,.F.);
#352=ORIENTED_EDGE('',*,*,#555,.F.);
#353=ORIENTED_EDGE('',*,*,#563,.T.);
#354=ORIENTED_EDGE('',*,*,#560,.T.);
#355=ORIENTED_EDGE('',*,*,#554,.F.);
#356=ORIENTED_EDGE('',*,*,#558,.T.);
#357=ORIENTED_EDGE('',*,*,#561,.T.);
#358=ORIENTED_EDGE('',*,*,#563,.F.);
#359=ORIENTED_EDGE('',*,*,#552,.T.);
#360=ORIENTED_EDGE('',*,*,#562,.T.);
#361=ORIENTED_EDGE('',*,*,#559,.F.);
#362=ORIENTED_EDGE('',*,*,#556,.F.);
#363=ORIENTED_EDGE('',*,*,#564,.F.);
#364=ORIENTED_EDGE('',*,*,#565,.F.);
#365=ORIENTED_EDGE('',*,*,#566,.T.);
#366=ORIENTED_EDGE('',*,*,#567,.T.);
#367=ORIENTED_EDGE('',*,*,#568,.T.);
#368=ORIENTED_EDGE('',*,*,#569,.F.);
#369=ORIENTED_EDGE('',*,*,#570,.F.);
#370=ORIENTED_EDGE('',*,*,#565,.T.);
#371=ORIENTED_EDGE('',*,*,#571,.T.);
#372=ORIENTED_EDGE('',*,*,#572,.F.);
#373=ORIENTED_EDGE('',*,*,#573,.F.);
#374=ORIENTED_EDGE('',*,*,#569,.T.);
#375=ORIENTED_EDGE('',*,*,#574,.F.);
#376=ORIENTED_EDGE('',*,*,#567,.F.);
#377=ORIENTED_EDGE('',*,*,#575,.T.);
#378=ORIENTED_EDGE('',*,*,#572,.T.);
#379=ORIENTED_EDGE('',*,*,#566,.F.);
#380=ORIENTED_EDGE('',*,*,#570,.T.);
#381=ORIENTED_EDGE('',*,*,#573,.T.);
#382=ORIENTED_EDGE('',*,*,#575,.F.);
#383=ORIENTED_EDGE('',*,*,#564,.T.);
#384=ORIENTED_EDGE('',*,*,#574,.T.);
#385=ORIENTED_EDGE('',*,*,#571,.F.);
#386=ORIENTED_EDGE('',*,*,#568,.F.);
#387=ORIENTED_EDGE('',*,*,#576,.F.);
#388=ORIENTED_EDGE('',*,*,#577,.F.);
#389=ORIENTED_EDGE('',*,*,#578,.T.);
#390=ORIENTED_EDGE('',*,*,#579,.T.);
#391=ORIENTED_EDGE('',*,*,#580,.T.);
#392=ORIENTED_EDGE('',*,*,#581,.F.);
#393=ORIENTED_EDGE('',*,*,#582,.F.);
#394=ORIENTED_EDGE('',*,*,#577,.T.);
#395=ORIENTED_EDGE('',*,*,#583,.T.);
#396=ORIENTED_EDGE('',*,*,#584,.F.);
#397=ORIENTED_EDGE('',*,*,#585,.F.);
#398=ORIENTED_EDGE('',*,*,#581,.T.);
#399=ORIENTED_EDGE('',*,*,#586,.F.);
#400=ORIENTED_EDGE('',*,*,#579,.F.);
#401=ORIENTED_EDGE('',*,*,#587,.T.);
#402=ORIENTED_EDGE('',*,*,#584,.T.);
#403=ORIENTED_EDGE('',*,*,#578,.F.);
#404=ORIENTED_EDGE('',*,*,#582,.T.);
#405=ORIENTED_EDGE('',*,*,#585,.T.);
#406=ORIENTED_EDGE('',*,*,#587,.F.);
#407=ORIENTED_EDGE('',*,*,#576,.T.);
#408=ORIENTED_EDGE('',*,*,#586,.T.);
#409=ORIENTED_EDGE('',*,*,#583,.F.);
#410=ORIENTED_EDGE('',*,*,#580,.F.);
#411=EDGE_CURVE('',#588,#589,#706,.T.);
#412=EDGE_CURVE('',#590,#589,#707,.T.);
#413=EDGE_CURVE('',#591,#590,#708,.T.);
#414=EDGE_CURVE('',#591,#588,#709,.T.);
#415=EDGE_CURVE('',#589,#592,#30,.T.);
#416=EDGE_CURVE('',#593,#592,#710,.T.);
#417=EDGE_CURVE('',#590,#593,#31,.T.);
#418=EDGE_CURVE('',#594,#592,#711,.T.);
#419=EDGE_CURVE('',#595,#594,#712,.T.);
#420=EDGE_CURVE('',#595,#593,#713,.T.);
#421=EDGE_CURVE('',#594,#596,#32,.T.);
#422=EDGE_CURVE('',#597,#596,#714,.T.);
#423=EDGE_CURVE('',#595,#597,#33,.T.);
#424=EDGE_CURVE('',#596,#598,#715,.T.);
#425=EDGE_CURVE('',#599,#598,#716,.T.);
#426=EDGE_CURVE('',#597,#599,#717,.T.);
#427=EDGE_CURVE('',#598,#600,#34,.T.);
#428=EDGE_CURVE('',#601,#600,#718,.T.);
#429=EDGE_CURVE('',#599,#601,#35,.T.);
#430=EDGE_CURVE('',#600,#602,#719,.T.);
#431=EDGE_CURVE('',#603,#602,#720,.T.);
#432=EDGE_CURVE('',#601,#603,#721,.T.);
#433=EDGE_CURVE('',#602,#604,#36,.T.);
#434=EDGE_CURVE('',#605,#604,#722,.T.);
#435=EDGE_CURVE('',#603,#605,#37,.T.);
#436=EDGE_CURVE('',#604,#606,#723,.T.);
#437=EDGE_CURVE('',#607,#606,#724,.T.);
#438=EDGE_CURVE('',#605,#607,#725,.T.);
#439=EDGE_CURVE('',#606,#608,#38,.T.);
#440=EDGE_CURVE('',#609,#608,#726,.T.);
#441=EDGE_CURVE('',#607,#609,#39,.T.);
#442=EDGE_CURVE('',#608,#610,#727,.T.);
#443=EDGE_CURVE('',#611,#610,#728,.T.);
#444=EDGE_CURVE('',#609,#611,#729,.T.);
#445=EDGE_CURVE('',#610,#612,#730,.T.);
#446=EDGE_CURVE('',#613,#612,#731,.T.);
#447=EDGE_CURVE('',#611,#613,#732,.T.);
#448=EDGE_CURVE('',#614,#612,#733,.T.);
#449=EDGE_CURVE('',#615,#614,#734,.T.);
#450=EDGE_CURVE('',#615,#613,#735,.T.);
#451=EDGE_CURVE('',#616,#614,#40,.T.);
#452=EDGE_CURVE('',#617,#616,#736,.T.);
#453=EDGE_CURVE('',#617,#615,#41,.T.);
#454=EDGE_CURVE('',#616,#618,#737,.T.);
#455=EDGE_CURVE('',#619,#618,#738,.T.);
#456=EDGE_CURVE('',#617,#619,#739,.T.);
#457=EDGE_CURVE('',#620,#618,#42,.T.);
#458=EDGE_CURVE('',#621,#620,#740,.T.);
#459=EDGE_CURVE('',#621,#619,#43,.T.);
#460=EDGE_CURVE('',#620,#622,#741,.T.);
#461=EDGE_CURVE('',#623,#622,#742,.T.);
#462=EDGE_CURVE('',#621,#623,#743,.T.);
#463=EDGE_CURVE('',#624,#622,#44,.T.);
#464=EDGE_CURVE('',#625,#624,#744,.T.);
#465=EDGE_CURVE('',#625,#623,#45,.T.);
#466=EDGE_CURVE('',#624,#626,#745,.T.);
#467=EDGE_CURVE('',#627,#626,#746,.T.);
#468=EDGE_CURVE('',#625,#627,#747,.T.);
#469=EDGE_CURVE('',#628,#626,#748,.T.);
#470=EDGE_CURVE('',#629,#628,#749,.T.);
#471=EDGE_CURVE('',#629,#627,#750,.T.);
#472=EDGE_CURVE('',#630,#628,#751,.T.);
#473=EDGE_CURVE('',#631,#630,#752,.T.);
#474=EDGE_CURVE('',#631,#629,#753,.T.);
#475=EDGE_CURVE('',#630,#588,#46,.T.);
#476=EDGE_CURVE('',#631,#591,#47,.T.);
#477=EDGE_CURVE('',#632,#633,#754,.T.);
#478=EDGE_CURVE('',#632,#634,#755,.T.);
#479=EDGE_CURVE('',#634,#635,#756,.T.);
#480=EDGE_CURVE('',#635,#633,#757,.T.);
#481=EDGE_CURVE('',#636,#637,#758,.T.);
#482=EDGE_CURVE('',#636,#638,#759,.T.);
#483=EDGE_CURVE('',#638,#639,#760,.T.);
#484=EDGE_CURVE('',#637,#639,#761,.T.);
#485=EDGE_CURVE('',#639,#640,#762,.T.);
#486=EDGE_CURVE('',#641,#640,#763,.T.);
#487=EDGE_CURVE('',#637,#641,#764,.T.);
#488=EDGE_CURVE('',#633,#640,#765,.T.);
#489=EDGE_CURVE('',#635,#641,#766,.T.);
#490=EDGE_CURVE('',#634,#636,#767,.T.);
#491=EDGE_CURVE('',#638,#632,#768,.T.);
#492=EDGE_CURVE('',#642,#643,#769,.T.);
#493=EDGE_CURVE('',#644,#642,#770,.T.);
#494=EDGE_CURVE('',#644,#645,#771,.T.);
#495=EDGE_CURVE('',#645,#643,#772,.T.);
#496=EDGE_CURVE('',#642,#646,#773,.T.);
#497=EDGE_CURVE('',#647,#646,#774,.T.);
#498=EDGE_CURVE('',#644,#647,#775,.T.);
#499=EDGE_CURVE('',#646,#648,#776,.T.);
#500=EDGE_CURVE('',#649,#648,#777,.T.);
#501=EDGE_CURVE('',#647,#649,#778,.T.);
#502=EDGE_CURVE('',#643,#648,#779,.T.);
#503=EDGE_CURVE('',#645,#649,#780,.T.);
#504=EDGE_CURVE('',#650,#651,#781,.T.);
#505=EDGE_CURVE('',#652,#650,#782,.T.);
#506=EDGE_CURVE('',#652,#653,#783,.T.);
#507=EDGE_CURVE('',#653,#651,#784,.T.);
#508=EDGE_CURVE('',#650,#654,#785,.T.);
#509=EDGE_CURVE('',#655,#654,#786,.T.);
#510=EDGE_CURVE('',#652,#655,#787,.T.);
#511=EDGE_CURVE('',#654,#656,#788,.T.);
#512=EDGE_CURVE('',#657,#656,#789,.T.);
#513=EDGE_CURVE('',#655,#657,#790,.T.);
#514=EDGE_CURVE('',#651,#656,#791,.T.);
#515=EDGE_CURVE('',#653,#657,#792,.T.);
#516=EDGE_CURVE('',#658,#659,#793,.T.);
#517=EDGE_CURVE('',#660,#658,#794,.T.);
#518=EDGE_CURVE('',#660,#661,#795,.T.);
#519=EDGE_CURVE('',#661,#659,#796,.T.);
#520=EDGE_CURVE('',#658,#662,#797,.T.);
#521=EDGE_CURVE('',#663,#662,#798,.T.);
#522=EDGE_CURVE('',#660,#663,#799,.T.);
#523=EDGE_CURVE('',#662,#664,#800,.T.);
#524=EDGE_CURVE('',#665,#664,#801,.T.);
#525=EDGE_CURVE('',#663,#665,#802,.T.);
#526=EDGE_CURVE('',#659,#664,#803,.T.);
#527=EDGE_CURVE('',#661,#665,#804,.T.);
#528=EDGE_CURVE('',#666,#667,#805,.T.);
#529=EDGE_CURVE('',#668,#666,#806,.T.);
#530=EDGE_CURVE('',#668,#669,#807,.T.);
#531=EDGE_CURVE('',#669,#667,#808,.T.);
#532=EDGE_CURVE('',#666,#670,#809,.T.);
#533=EDGE_CURVE('',#671,#670,#810,.T.);
#534=EDGE_CURVE('',#668,#671,#811,.T.);
#535=EDGE_CURVE('',#670,#672,#812,.T.);
#536=EDGE_CURVE('',#673,#672,#813,.T.);
#537=EDGE_CURVE('',#671,#673,#814,.T.);
#538=EDGE_CURVE('',#667,#672,#815,.T.);
#539=EDGE_CURVE('',#669,#673,#816,.T.);
#540=EDGE_CURVE('',#674,#675,#817,.T.);
#541=EDGE_CURVE('',#676,#674,#818,.T.);
#542=EDGE_CURVE('',#676,#677,#819,.T.);
#543=EDGE_CURVE('',#677,#675,#820,.T.);
#544=EDGE_CURVE('',#674,#678,#821,.T.);
#545=EDGE_CURVE('',#679,#678,#822,.T.);
#546=EDGE_CURVE('',#676,#679,#823,.T.);
#547=EDGE_CURVE('',#678,#680,#824,.T.);
#548=EDGE_CURVE('',#681,#680,#825,.T.);
#549=EDGE_CURVE('',#679,#681,#826,.T.);
#550=EDGE_CURVE('',#675,#680,#827,.T.);
#551=EDGE_CURVE('',#677,#681,#828,.T.);
#552=EDGE_CURVE('',#682,#683,#829,.T.);
#553=EDGE_CURVE('',#684,#682,#830,.T.);
#554=EDGE_CURVE('',#684,#685,#831,.T.);
#555=EDGE_CURVE('',#685,#683,#832,.T.);
#556=EDGE_CURVE('',#682,#686,#833,.T.);
#557=EDGE_CURVE('',#687,#686,#834,.T.);
#558=EDGE_CURVE('',#684,#687,#835,.T.);
#559=EDGE_CURVE('',#686,#688,#836,.T.);
#560=EDGE_CURVE('',#689,#688,#837,.T.);
#561=EDGE_CURVE('',#687,#689,#838,.T.);
#562=EDGE_CURVE('',#683,#688,#839,.T.);
#563=EDGE_CURVE('',#685,#689,#840,.T.);
#564=EDGE_CURVE('',#690,#691,#841,.T.);
#565=EDGE_CURVE('',#692,#690,#842,.T.);
#566=EDGE_CURVE('',#692,#693,#843,.T.);
#567=EDGE_CURVE('',#693,#691,#844,.T.);
#568=EDGE_CURVE('',#690,#694,#845,.T.);
#569=EDGE_CURVE('',#695,#694,#846,.T.);
#570=EDGE_CURVE('',#692,#695,#847,.T.);
#571=EDGE_CURVE('',#694,#696,#848,.T.);
#572=EDGE_CURVE('',#697,#696,#849,.T.);
#573=EDGE_CURVE('',#695,#697,#850,.T.);
#574=EDGE_CURVE('',#691,#696,#851,.T.);
#575=EDGE_CURVE('',#693,#697,#852,.T.);
#576=EDGE_CURVE('',#698,#699,#853,.T.);
#577=EDGE_CURVE('',#700,#698,#854,.T.);
#578=EDGE_CURVE('',#700,#701,#855,.T.);
#579=EDGE_CURVE('',#701,#699,#856,.T.);
#580=EDGE_CURVE('',#698,#702,#857,.T.);
#581=EDGE_CURVE('',#703,#702,#858,.T.);
#582=EDGE_CURVE('',#700,#703,#859,.T.);
#583=EDGE_CURVE('',#702,#704,#860,.T.);
#584=EDGE_CURVE('',#705,#704,#861,.T.);
#585=EDGE_CURVE('',#703,#705,#862,.T.);
#586=EDGE_CURVE('',#699,#704,#863,.T.);
#587=EDGE_CURVE('',#701,#705,#864,.T.);
#588=VERTEX_POINT('',#1929);
#589=VERTEX_POINT('',#1930);
#590=VERTEX_POINT('',#1932);
#591=VERTEX_POINT('',#1934);
#592=VERTEX_POINT('',#1938);
#593=VERTEX_POINT('',#1940);
#594=VERTEX_POINT('',#1944);
#595=VERTEX_POINT('',#1946);
#596=VERTEX_POINT('',#1950);
#597=VERTEX_POINT('',#1952);
#598=VERTEX_POINT('',#1956);
#599=VERTEX_POINT('',#1958);
#600=VERTEX_POINT('',#1962);
#601=VERTEX_POINT('',#1964);
#602=VERTEX_POINT('',#1968);
#603=VERTEX_POINT('',#1970);
#604=VERTEX_POINT('',#1974);
#605=VERTEX_POINT('',#1976);
#606=VERTEX_POINT('',#1980);
#607=VERTEX_POINT('',#1982);
#608=VERTEX_POINT('',#1986);
#609=VERTEX_POINT('',#1988);
#610=VERTEX_POINT('',#1992);
#611=VERTEX_POINT('',#1994);
#612=VERTEX_POINT('',#1998);
#613=VERTEX_POINT('',#2000);
#614=VERTEX_POINT('',#2004);
#615=VERTEX_POINT('',#2006);
#616=VERTEX_POINT('',#2010);
#617=VERTEX_POINT('',#2012);
#618=VERTEX_POINT('',#2016);
#619=VERTEX_POINT('',#2018);
#620=VERTEX_POINT('',#2022);
#621=VERTEX_POINT('',#2024);
#622=VERTEX_POINT('',#2028);
#623=VERTEX_POINT('',#2030);
#624=VERTEX_POINT('',#2034);
#625=VERTEX_POINT('',#2036);
#626=VERTEX_POINT('',#2040);
#627=VERTEX_POINT('',#2042);
#628=VERTEX_POINT('',#2046);
#629=VERTEX_POINT('',#2048);
#630=VERTEX_POINT('',#2052);
#631=VERTEX_POINT('',#2054);
#632=VERTEX_POINT('',#2064);
#633=VERTEX_POINT('',#2065);
#634=VERTEX_POINT('',#2067);
#635=VERTEX_POINT('',#2069);
#636=VERTEX_POINT('',#2073);
#637=VERTEX_POINT('',#2074);
#638=VERTEX_POINT('',#2076);
#639=VERTEX_POINT('',#2078);
#640=VERTEX_POINT('',#2082);
#641=VERTEX_POINT('',#2084);
#642=VERTEX_POINT('',#2097);
#643=VERTEX_POINT('',#2098);
#644=VERTEX_POINT('',#2100);
#645=VERTEX_POINT('',#2102);
#646=VERTEX_POINT('',#2106);
#647=VERTEX_POINT('',#2108);
#648=VERTEX_POINT('',#2112);
#649=VERTEX_POINT('',#2114);
#650=VERTEX_POINT('',#2124);
#651=VERTEX_POINT('',#2125);
#652=VERTEX_POINT('',#2127);
#653=VERTEX_POINT('',#2129);
#654=VERTEX_POINT('',#2133);
#655=VERTEX_POINT('',#2135);
#656=VERTEX_POINT('',#2139);
#657=VERTEX_POINT('',#2141);
#658=VERTEX_POINT('',#2151);
#659=VERTEX_POINT('',#2152);
#660=VERTEX_POINT('',#2154);
#661=VERTEX_POINT('',#2156);
#662=VERTEX_POINT('',#2160);
#663=VERTEX_POINT('',#2162);
#664=VERTEX_POINT('',#2166);
#665=VERTEX_POINT('',#2168);
#666=VERTEX_POINT('',#2178);
#667=VERTEX_POINT('',#2179);
#668=VERTEX_POINT('',#2181);
#669=VERTEX_POINT('',#2183);
#670=VERTEX_POINT('',#2187);
#671=VERTEX_POINT('',#2189);
#672=VERTEX_POINT('',#2193);
#673=VERTEX_POINT('',#2195);
#674=VERTEX_POINT('',#2205);
#675=VERTEX_POINT('',#2206);
#676=VERTEX_POINT('',#2208);
#677=VERTEX_POINT('',#2210);
#678=VERTEX_POINT('',#2214);
#679=VERTEX_POINT('',#2216);
#680=VERTEX_POINT('',#2220);
#681=VERTEX_POINT('',#2222);
#682=VERTEX_POINT('',#2232);
#683=VERTEX_POINT('',#2233);
#684=VERTEX_POINT('',#2235);
#685=VERTEX_POINT('',#2237);
#686=VERTEX_POINT('',#2241);
#687=VERTEX_POINT('',#2243);
#688=VERTEX_POINT('',#2247);
#689=VERTEX_POINT('',#2249);
#690=VERTEX_POINT('',#2259);
#691=VERTEX_POINT('',#2260);
#692=VERTEX_POINT('',#2262);
#693=VERTEX_POINT('',#2264);
#694=VERTEX_POINT('',#2268);
#695=VERTEX_POINT('',#2270);
#696=VERTEX_POINT('',#2274);
#697=VERTEX_POINT('',#2276);
#698=VERTEX_POINT('',#2286);
#699=VERTEX_POINT('',#2287);
#700=VERTEX_POINT('',#2289);
#701=VERTEX_POINT('',#2291);
#702=VERTEX_POINT('',#2295);
#703=VERTEX_POINT('',#2297);
#704=VERTEX_POINT('',#2301);
#705=VERTEX_POINT('',#2303);
#706=LINE('',#1928,#865);
#707=LINE('',#1931,#866);
#708=LINE('',#1933,#867);
#709=LINE('',#1935,#868);
#710=LINE('',#1939,#869);
#711=LINE('',#1943,#870);
#712=LINE('',#1945,#871);
#713=LINE('',#1947,#872);
#714=LINE('',#1951,#873);
#715=LINE('',#1955,#874);
#716=LINE('',#1957,#875);
#717=LINE('',#1959,#876);
#718=LINE('',#1963,#877);
#719=LINE('',#1967,#878);
#720=LINE('',#1969,#879);
#721=LINE('',#1971,#880);
#722=LINE('',#1975,#881);
#723=LINE('',#1979,#882);
#724=LINE('',#1981,#883);
#725=LINE('',#1983,#884);
#726=LINE('',#1987,#885);
#727=LINE('',#1991,#886);
#728=LINE('',#1993,#887);
#729=LINE('',#1995,#888);
#730=LINE('',#1997,#889);
#731=LINE('',#1999,#890);
#732=LINE('',#2001,#891);
#733=LINE('',#2003,#892);
#734=LINE('',#2005,#893);
#735=LINE('',#2007,#894);
#736=LINE('',#2011,#895);
#737=LINE('',#2015,#896);
#738=LINE('',#2017,#897);
#739=LINE('',#2019,#898);
#740=LINE('',#2023,#899);
#741=LINE('',#2027,#900);
#742=LINE('',#2029,#901);
#743=LINE('',#2031,#902);
#744=LINE('',#2035,#903);
#745=LINE('',#2039,#904);
#746=LINE('',#2041,#905);
#747=LINE('',#2043,#906);
#748=LINE('',#2045,#907);
#749=LINE('',#2047,#908);
#750=LINE('',#2049,#909);
#751=LINE('',#2051,#910);
#752=LINE('',#2053,#911);
#753=LINE('',#2055,#912);
#754=LINE('',#2063,#913);
#755=LINE('',#2066,#914);
#756=LINE('',#2068,#915);
#757=LINE('',#2070,#916);
#758=LINE('',#2072,#917);
#759=LINE('',#2075,#918);
#760=LINE('',#2077,#919);
#761=LINE('',#2079,#920);
#762=LINE('',#2081,#921);
#763=LINE('',#2083,#922);
#764=LINE('',#2085,#923);
#765=LINE('',#2087,#924);
#766=LINE('',#2088,#925);
#767=LINE('',#2090,#926);
#768=LINE('',#2092,#927);
#769=LINE('',#2096,#928);
#770=LINE('',#2099,#929);
#771=LINE('',#2101,#930);
#772=LINE('',#2103,#931);
#773=LINE('',#2105,#932);
#774=LINE('',#2107,#933);
#775=LINE('',#2109,#934);
#776=LINE('',#2111,#935);
#777=LINE('',#2113,#936);
#778=LINE('',#2115,#937);
#779=LINE('',#2117,#938);
#780=LINE('',#2118,#939);
#781=LINE('',#2123,#940);
#782=LINE('',#2126,#941);
#783=LINE('',#2128,#942);
#784=LINE('',#2130,#943);
#785=LINE('',#2132,#944);
#786=LINE('',#2134,#945);
#787=LINE('',#2136,#946);
#788=LINE('',#2138,#947);
#789=LINE('',#2140,#948);
#790=LINE('',#2142,#949);
#791=LINE('',#2144,#950);
#792=LINE('',#2145,#951);
#793=LINE('',#2150,#952);
#794=LINE('',#2153,#953);
#795=LINE('',#2155,#954);
#796=LINE('',#2157,#955);
#797=LINE('',#2159,#956);
#798=LINE('',#2161,#957);
#799=LINE('',#2163,#958);
#800=LINE('',#2165,#959);
#801=LINE('',#2167,#960);
#802=LINE('',#2169,#961);
#803=LINE('',#2171,#962);
#804=LINE('',#2172,#963);
#805=LINE('',#2177,#964);
#806=LINE('',#2180,#965);
#807=LINE('',#2182,#966);
#808=LINE('',#2184,#967);
#809=LINE('',#2186,#968);
#810=LINE('',#2188,#969);
#811=LINE('',#2190,#970);
#812=LINE('',#2192,#971);
#813=LINE('',#2194,#972);
#814=LINE('',#2196,#973);
#815=LINE('',#2198,#974);
#816=LINE('',#2199,#975);
#817=LINE('',#2204,#976);
#818=LINE('',#2207,#977);
#819=LINE('',#2209,#978);
#820=LINE('',#2211,#979);
#821=LINE('',#2213,#980);
#822=LINE('',#2215,#981);
#823=LINE('',#2217,#982);
#824=LINE('',#2219,#983);
#825=LINE('',#2221,#984);
#826=LINE('',#2223,#985);
#827=LINE('',#2225,#986);
#828=LINE('',#2226,#987);
#829=LINE('',#2231,#988);
#830=LINE('',#2234,#989);
#831=LINE('',#2236,#990);
#832=LINE('',#2238,#991);
#833=LINE('',#2240,#992);
#834=LINE('',#2242,#993);
#835=LINE('',#2244,#994);
#836=LINE('',#2246,#995);
#837=LINE('',#2248,#996);
#838=LINE('',#2250,#997);
#839=LINE('',#2252,#998);
#840=LINE('',#2253,#999);
#841=LINE('',#2258,#1000);
#842=LINE('',#2261,#1001);
#843=LINE('',#2263,#1002);
#844=LINE('',#2265,#1003);
#845=LINE('',#2267,#1004);
#846=LINE('',#2269,#1005);
#847=LINE('',#2271,#1006);
#848=LINE('',#2273,#1007);
#849=LINE('',#2275,#1008);
#850=LINE('',#2277,#1009);
#851=LINE('',#2279,#1010);
#852=LINE('',#2280,#1011);
#853=LINE('',#2285,#1012);
#854=LINE('',#2288,#1013);
#855=LINE('',#2290,#1014);
#856=LINE('',#2292,#1015);
#857=LINE('',#2294,#1016);
#858=LINE('',#2296,#1017);
#859=LINE('',#2298,#1018);
#860=LINE('',#2300,#1019);
#861=LINE('',#2302,#1020);
#862=LINE('',#2304,#1021);
#863=LINE('',#2306,#1022);
#864=LINE('',#2307,#1023);
#865=VECTOR('',#1557,1.);
#866=VECTOR('',#1558,1.);
#867=VECTOR('',#1559,1.);
#868=VECTOR('',#1560,1.);
#869=VECTOR('',#1565,1.);
#870=VECTOR('',#1570,1.);
#871=VECTOR('',#1571,1.);
#872=VECTOR('',#1572,1.);
#873=VECTOR('',#1577,1.);
#874=VECTOR('',#1582,1.);
#875=VECTOR('',#1583,1.);
#876=VECTOR('',#1584,1.);
#877=VECTOR('',#1589,1.);
#878=VECTOR('',#1594,1.);
#879=VECTOR('',#1595,1.);
#880=VECTOR('',#1596,1.);
#881=VECTOR('',#1601,1.);
#882=VECTOR('',#1606,1.);
#883=VECTOR('',#1607,1.);
#884=VECTOR('',#1608,1.);
#885=VECTOR('',#1613,1.);
#886=VECTOR('',#1618,1.);
#887=VECTOR('',#1619,1.);
#888=VECTOR('',#1620,1.);
#889=VECTOR('',#1623,1.);
#890=VECTOR('',#1624,1.);
#891=VECTOR('',#1625,1.);
#892=VECTOR('',#1628,1.);
#893=VECTOR('',#1629,1.);
#894=VECTOR('',#1630,1.);
#895=VECTOR('',#1635,1.);
#896=VECTOR('',#1640,1.);
#897=VECTOR('',#1641,1.);
#898=VECTOR('',#1642,1.);
#899=VECTOR('',#1647,1.);
#900=VECTOR('',#1652,1.);
#901=VECTOR('',#1653,1.);
#902=VECTOR('',#1654,1.);
#903=VECTOR('',#1659,1.);
#904=VECTOR('',#1664,1.);
#905=VECTOR('',#1665,1.);
#906=VECTOR('',#1666,1.);
#907=VECTOR('',#1669,1.);
#908=VECTOR('',#1670,1.);
#909=VECTOR('',#1671,1.);
#910=VECTOR('',#1674,1.);
#911=VECTOR('',#1675,1.);
#912=VECTOR('',#1676,1.);
#913=VECTOR('',#1691,1.);
#914=VECTOR('',#1692,1.);
#915=VECTOR('',#1693,1.);
#916=VECTOR('',#1694,1.);
#917=VECTOR('',#1697,1.);
#918=VECTOR('',#1698,1.);
#919=VECTOR('',#1699,1.);
#920=VECTOR('',#1700,1.);
#921=VECTOR('',#1703,1.);
#922=VECTOR('',#1704,1.);
#923=VECTOR('',#1705,1.);
#924=VECTOR('',#1708,1.);
#925=VECTOR('',#1709,1.);
#926=VECTOR('',#1712,1.);
#927=VECTOR('',#1715,1.);
#928=VECTOR('',#1722,1.);
#929=VECTOR('',#1723,1.);
#930=VECTOR('',#1724,1.);
#931=VECTOR('',#1725,1.);
#932=VECTOR('',#1728,1.);
#933=VECTOR('',#1729,1.);
#934=VECTOR('',#1730,1.);
#935=VECTOR('',#1733,1.);
#936=VECTOR('',#1734,1.);
#937=VECTOR('',#1735,1.);
#938=VECTOR('',#1738,1.);
#939=VECTOR('',#1739,1.);
#940=VECTOR('',#1748,1.);
#941=VECTOR('',#1749,1.);
#942=VECTOR('',#1750,1.);
#943=VECTOR('',#1751,1.);
#944=VECTOR('',#1754,1.);
#945=VECTOR('',#1755,1.);
#946=VECTOR('',#1756,1.);
#947=VECTOR('',#1759,1.);
#948=VECTOR('',#1760,1.);
#949=VECTOR('',#1761,1.);
#950=VECTOR('',#1764,1.);
#951=VECTOR('',#1765,1.);
#952=VECTOR('',#1774,1.);
#953=VECTOR('',#1775,1.);
#954=VECTOR('',#1776,1.);
#955=VECTOR('',#1777,1.);
#956=VECTOR('',#1780,1.);
#957=VECTOR('',#1781,1.);
#958=VECTOR('',#1782,1.);
#959=VECTOR('',#1785,1.);
#960=VECTOR('',#1786,1.);
#961=VECTOR('',#1787,1.);
#962=VECTOR('',#1790,1.);
#963=VECTOR('',#1791,1.);
#964=VECTOR('',#1800,1.);
#965=VECTOR('',#1801,1.);
#966=VECTOR('',#1802,1.);
#967=VECTOR('',#1803,1.);
#968=VECTOR('',#1806,1.);
#969=VECTOR('',#1807,1.);
#970=VECTOR('',#1808,1.);
#971=VECTOR('',#1811,1.);
#972=VECTOR('',#1812,1.);
#973=VECTOR('',#1813,1.);
#974=VECTOR('',#1816,1.);
#975=VECTOR('',#1817,1.);
#976=VECTOR('',#1826,1.);
#977=VECTOR('',#1827,1.);
#978=VECTOR('',#1828,1.);
#979=VECTOR('',#1829,1.);
#980=VECTOR('',#1832,1.);
#981=VECTOR('',#1833,1.);
#982=VECTOR('',#1834,1.);
#983=VECTOR('',#1837,1.);
#984=VECTOR('',#1838,1.);
#985=VECTOR('',#1839,1.);
#986=VECTOR('',#1842,1.);
#987=VECTOR('',#1843,1.);
#988=VECTOR('',#1852,1.);
#989=VECTOR('',#1853,1.);
#990=VECTOR('',#1854,1.);
#991=VECTOR('',#1855,1.);
#992=VECTOR('',#1858,1.);
#993=VECTOR('',#1859,1.);
#994=VECTOR('',#1860,1.);
#995=VECTOR('',#1863,1.);
#996=VECTOR('',#1864,1.);
#997=VECTOR('',#1865,1.);
#998=VECTOR('',#1868,1.);
#999=VECTOR('',#1869,1.);
#1000=VECTOR('',#1878,1.);
#1001=VECTOR('',#1879,1.);
#1002=VECTOR('',#1880,1.);
#1003=VECTOR('',#1881,1.);
#1004=VECTOR('',#1884,1.);
#1005=VECTOR('',#1885,1.);
#1006=VECTOR('',#1886,1.);
#1007=VECTOR('',#1889,1.);
#1008=VECTOR('',#1890,1.);
#1009=VECTOR('',#1891,1.);
#1010=VECTOR('',#1894,1.);
#1011=VECTOR('',#1895,1.);
#1012=VECTOR('',#1904,1.);
#1013=VECTOR('',#1905,1.);
#1014=VECTOR('',#1906,1.);
#1015=VECTOR('',#1907,1.);
#1016=VECTOR('',#1910,1.);
#1017=VECTOR('',#1911,1.);
#1018=VECTOR('',#1912,1.);
#1019=VECTOR('',#1915,1.);
#1020=VECTOR('',#1916,1.);
#1021=VECTOR('',#1917,1.);
#1022=VECTOR('',#1920,1.);
#1023=VECTOR('',#1921,1.);
#1024=EDGE_LOOP('',(#57,#58,#59,#60));
#1025=EDGE_LOOP('',(#61,#62,#63,#64));
#1026=EDGE_LOOP('',(#65,#66,#67,#68));
#1027=EDGE_LOOP('',(#69,#70,#71,#72));
#1028=EDGE_LOOP('',(#73,#74,#75,#76));
#1029=EDGE_LOOP('',(#77,#78,#79,#80));
#1030=EDGE_LOOP('',(#81,#82,#83,#84));
#1031=EDGE_LOOP('',(#85,#86,#87,#88));
#1032=EDGE_LOOP('',(#89,#90,#91,#92));
#1033=EDGE_LOOP('',(#93,#94,#95,#96));
#1034=EDGE_LOOP('',(#97,#98,#99,#100));
#1035=EDGE_LOOP('',(#101,#102,#103,#104));
#1036=EDGE_LOOP('',(#105,#106,#107,#108));
#1037=EDGE_LOOP('',(#109,#110,#111,#112));
#1038=EDGE_LOOP('',(#113,#114,#115,#116));
#1039=EDGE_LOOP('',(#117,#118,#119,#120));
#1040=EDGE_LOOP('',(#121,#122,#123,#124));
#1041=EDGE_LOOP('',(#125,#126,#127,#128));
#1042=EDGE_LOOP('',(#129,#130,#131,#132));
#1043=EDGE_LOOP('',(#133,#134,#135,#136));
#1044=EDGE_LOOP('',(#137,#138,#139,#140));
#1045=EDGE_LOOP('',(#141,#142,#143,#144));
#1046=EDGE_LOOP('',(#145,#146,#147,#148,#149,#150,#151,#152,#153,#154,#155,
#156,#157,#158,#159,#160,#161,#162,#163,#164,#165,#166));
#1047=EDGE_LOOP('',(#167,#168,#169,#170,#171,#172,#173,#174,#175,#176,#177,
#178,#179,#180,#181,#182,#183,#184,#185,#186,#187,#188));
#1048=EDGE_LOOP('',(#189,#190,#191,#192));
#1049=EDGE_LOOP('',(#193,#194,#195,#196));
#1050=EDGE_LOOP('',(#197,#198,#199,#200));
#1051=EDGE_LOOP('',(#201,#202,#203,#204));
#1052=EDGE_LOOP('',(#205,#206,#207,#208,#209));
#1053=EDGE_LOOP('',(#210,#211,#212,#213,#214));
#1054=EDGE_LOOP('',(#215,#216,#217,#218));
#1055=EDGE_LOOP('',(#219,#220,#221,#222));
#1056=EDGE_LOOP('',(#223,#224,#225,#226));
#1057=EDGE_LOOP('',(#227,#228,#229,#230));
#1058=EDGE_LOOP('',(#231,#232,#233,#234));
#1059=EDGE_LOOP('',(#235,#236,#237,#238));
#1060=EDGE_LOOP('',(#239,#240,#241,#242));
#1061=EDGE_LOOP('',(#243,#244,#245,#246));
#1062=EDGE_LOOP('',(#247,#248,#249,#250));
#1063=EDGE_LOOP('',(#251,#252,#253,#254));
#1064=EDGE_LOOP('',(#255,#256,#257,#258));
#1065=EDGE_LOOP('',(#259,#260,#261,#262));
#1066=EDGE_LOOP('',(#263,#264,#265,#266));
#1067=EDGE_LOOP('',(#267,#268,#269,#270));
#1068=EDGE_LOOP('',(#271,#272,#273,#274));
#1069=EDGE_LOOP('',(#275,#276,#277,#278));
#1070=EDGE_LOOP('',(#279,#280,#281,#282));
#1071=EDGE_LOOP('',(#283,#284,#285,#286));
#1072=EDGE_LOOP('',(#287,#288,#289,#290));
#1073=EDGE_LOOP('',(#291,#292,#293,#294));
#1074=EDGE_LOOP('',(#295,#296,#297,#298));
#1075=EDGE_LOOP('',(#299,#300,#301,#302));
#1076=EDGE_LOOP('',(#303,#304,#305,#306));
#1077=EDGE_LOOP('',(#307,#308,#309,#310));
#1078=EDGE_LOOP('',(#311,#312,#313,#314));
#1079=EDGE_LOOP('',(#315,#316,#317,#318));
#1080=EDGE_LOOP('',(#319,#320,#321,#322));
#1081=EDGE_LOOP('',(#323,#324,#325,#326));
#1082=EDGE_LOOP('',(#327,#328,#329,#330));
#1083=EDGE_LOOP('',(#331,#332,#333,#334));
#1084=EDGE_LOOP('',(#335,#336,#337,#338));
#1085=EDGE_LOOP('',(#339,#340,#341,#342));
#1086=EDGE_LOOP('',(#343,#344,#345,#346));
#1087=EDGE_LOOP('',(#347,#348,#349,#350));
#1088=EDGE_LOOP('',(#351,#352,#353,#354));
#1089=EDGE_LOOP('',(#355,#356,#357,#358));
#1090=EDGE_LOOP('',(#359,#360,#361,#362));
#1091=EDGE_LOOP('',(#363,#364,#365,#366));
#1092=EDGE_LOOP('',(#367,#368,#369,#370));
#1093=EDGE_LOOP('',(#371,#372,#373,#374));
#1094=EDGE_LOOP('',(#375,#376,#377,#378));
#1095=EDGE_LOOP('',(#379,#380,#381,#382));
#1096=EDGE_LOOP('',(#383,#384,#385,#386));
#1097=EDGE_LOOP('',(#387,#388,#389,#390));
#1098=EDGE_LOOP('',(#391,#392,#393,#394));
#1099=EDGE_LOOP('',(#395,#396,#397,#398));
#1100=EDGE_LOOP('',(#399,#400,#401,#402));
#1101=EDGE_LOOP('',(#403,#404,#405,#406));
#1102=EDGE_LOOP('',(#407,#408,#409,#410));
#1103=FACE_BOUND('',#1024,.T.);
#1104=FACE_BOUND('',#1025,.T.);
#1105=FACE_BOUND('',#1026,.T.);
#1106=FACE_BOUND('',#1027,.T.);
#1107=FACE_BOUND('',#1028,.T.);
#1108=FACE_BOUND('',#1029,.T.);
#1109=FACE_BOUND('',#1030,.T.);
#1110=FACE_BOUND('',#1031,.T.);
#1111=FACE_BOUND('',#1032,.T.);
#1112=FACE_BOUND('',#1033,.T.);
#1113=FACE_BOUND('',#1034,.T.);
#1114=FACE_BOUND('',#1035,.T.);
#1115=FACE_BOUND('',#1036,.T.);
#1116=FACE_BOUND('',#1037,.T.);
#1117=FACE_BOUND('',#1038,.T.);
#1118=FACE_BOUND('',#1039,.T.);
#1119=FACE_BOUND('',#1040,.T.);
#1120=FACE_BOUND('',#1041,.T.);
#1121=FACE_BOUND('',#1042,.T.);
#1122=FACE_BOUND('',#1043,.T.);
#1123=FACE_BOUND('',#1044,.T.);
#1124=FACE_BOUND('',#1045,.T.);
#1125=FACE_BOUND('',#1046,.T.);
#1126=FACE_BOUND('',#1047,.T.);
#1127=FACE_BOUND('',#1048,.T.);
#1128=FACE_BOUND('',#1049,.T.);
#1129=FACE_BOUND('',#1050,.T.);
#1130=FACE_BOUND('',#1051,.T.);
#1131=FACE_BOUND('',#1052,.T.);
#1132=FACE_BOUND('',#1053,.T.);
#1133=FACE_BOUND('',#1054,.T.);
#1134=FACE_BOUND('',#1055,.T.);
#1135=FACE_BOUND('',#1056,.T.);
#1136=FACE_BOUND('',#1057,.T.);
#1137=FACE_BOUND('',#1058,.T.);
#1138=FACE_BOUND('',#1059,.T.);
#1139=FACE_BOUND('',#1060,.T.);
#1140=FACE_BOUND('',#1061,.T.);
#1141=FACE_BOUND('',#1062,.T.);
#1142=FACE_BOUND('',#1063,.T.);
#1143=FACE_BOUND('',#1064,.T.);
#1144=FACE_BOUND('',#1065,.T.);
#1145=FACE_BOUND('',#1066,.T.);
#1146=FACE_BOUND('',#1067,.T.);
#1147=FACE_BOUND('',#1068,.T.);
#1148=FACE_BOUND('',#1069,.T.);
#1149=FACE_BOUND('',#1070,.T.);
#1150=FACE_BOUND('',#1071,.T.);
#1151=FACE_BOUND('',#1072,.T.);
#1152=FACE_BOUND('',#1073,.T.);
#1153=FACE_BOUND('',#1074,.T.);
#1154=FACE_BOUND('',#1075,.T.);
#1155=FACE_BOUND('',#1076,.T.);
#1156=FACE_BOUND('',#1077,.T.);
#1157=FACE_BOUND('',#1078,.T.);
#1158=FACE_BOUND('',#1079,.T.);
#1159=FACE_BOUND('',#1080,.T.);
#1160=FACE_BOUND('',#1081,.T.);
#1161=FACE_BOUND('',#1082,.T.);
#1162=FACE_BOUND('',#1083,.T.);
#1163=FACE_BOUND('',#1084,.T.);
#1164=FACE_BOUND('',#1085,.T.);
#1165=FACE_BOUND('',#1086,.T.);
#1166=FACE_BOUND('',#1087,.T.);
#1167=FACE_BOUND('',#1088,.T.);
#1168=FACE_BOUND('',#1089,.T.);
#1169=FACE_BOUND('',#1090,.T.);
#1170=FACE_BOUND('',#1091,.T.);
#1171=FACE_BOUND('',#1092,.T.);
#1172=FACE_BOUND('',#1093,.T.);
#1173=FACE_BOUND('',#1094,.T.);
#1174=FACE_BOUND('',#1095,.T.);
#1175=FACE_BOUND('',#1096,.T.);
#1176=FACE_BOUND('',#1097,.T.);
#1177=FACE_BOUND('',#1098,.T.);
#1178=FACE_BOUND('',#1099,.T.);
#1179=FACE_BOUND('',#1100,.T.);
#1180=FACE_BOUND('',#1101,.T.);
#1181=FACE_BOUND('',#1102,.T.);
#1182=PLANE('',#1447);
#1183=PLANE('',#1451);
#1184=PLANE('',#1455);
#1185=PLANE('',#1459);
#1186=PLANE('',#1463);
#1187=PLANE('',#1467);
#1188=PLANE('',#1468);
#1189=PLANE('',#1469);
#1190=PLANE('',#1473);
#1191=PLANE('',#1477);
#1192=PLANE('',#1481);
#1193=PLANE('',#1482);
#1194=PLANE('',#1483);
#1195=PLANE('',#1487);
#1196=PLANE('',#1488);
#1197=PLANE('',#1490);
#1198=PLANE('',#1491);
#1199=PLANE('',#1492);
#1200=PLANE('',#1493);
#1201=PLANE('',#1494);
#1202=PLANE('',#1495);
#1203=PLANE('',#1496);
#1204=PLANE('',#1498);
#1205=PLANE('',#1499);
#1206=PLANE('',#1500);
#1207=PLANE('',#1501);
#1208=PLANE('',#1502);
#1209=PLANE('',#1503);
#1210=PLANE('',#1505);
#1211=PLANE('',#1506);
#1212=PLANE('',#1507);
#1213=PLANE('',#1508);
#1214=PLANE('',#1509);
#1215=PLANE('',#1510);
#1216=PLANE('',#1512);
#1217=PLANE('',#1513);
#1218=PLANE('',#1514);
#1219=PLANE('',#1515);
#1220=PLANE('',#1516);
#1221=PLANE('',#1517);
#1222=PLANE('',#1519);
#1223=PLANE('',#1520);
#1224=PLANE('',#1521);
#1225=PLANE('',#1522);
#1226=PLANE('',#1523);
#1227=PLANE('',#1524);
#1228=PLANE('',#1526);
#1229=PLANE('',#1527);
#1230=PLANE('',#1528);
#1231=PLANE('',#1529);
#1232=PLANE('',#1530);
#1233=PLANE('',#1531);
#1234=PLANE('',#1533);
#1235=PLANE('',#1534);
#1236=PLANE('',#1535);
#1237=PLANE('',#1536);
#1238=PLANE('',#1537);
#1239=PLANE('',#1538);
#1240=PLANE('',#1540);
#1241=PLANE('',#1541);
#1242=PLANE('',#1542);
#1243=PLANE('',#1543);
#1244=PLANE('',#1544);
#1245=PLANE('',#1545);
#1246=PLANE('',#1547);
#1247=PLANE('',#1548);
#1248=PLANE('',#1549);
#1249=PLANE('',#1550);
#1250=PLANE('',#1551);
#1251=PLANE('',#1552);
#1252=ADVANCED_FACE('',(#1103),#1182,.F.);
#1253=ADVANCED_FACE('',(#1104),#48,.F.);
#1254=ADVANCED_FACE('',(#1105),#1183,.T.);
#1255=ADVANCED_FACE('',(#1106),#49,.F.);
#1256=ADVANCED_FACE('',(#1107),#1184,.F.);
#1257=ADVANCED_FACE('',(#1108),#50,.F.);
#1258=ADVANCED_FACE('',(#1109),#1185,.F.);
#1259=ADVANCED_FACE('',(#1110),#51,.F.);
#1260=ADVANCED_FACE('',(#1111),#1186,.F.);
#1261=ADVANCED_FACE('',(#1112),#52,.F.);
#1262=ADVANCED_FACE('',(#1113),#1187,.F.);
#1263=ADVANCED_FACE('',(#1114),#1188,.F.);
#1264=ADVANCED_FACE('',(#1115),#1189,.T.);
#1265=ADVANCED_FACE('',(#1116),#53,.F.);
#1266=ADVANCED_FACE('',(#1117),#1190,.F.);
#1267=ADVANCED_FACE('',(#1118),#54,.F.);
#1268=ADVANCED_FACE('',(#1119),#1191,.F.);
#1269=ADVANCED_FACE('',(#1120),#55,.F.);
#1270=ADVANCED_FACE('',(#1121),#1192,.F.);
#1271=ADVANCED_FACE('',(#1122),#1193,.T.);
#1272=ADVANCED_FACE('',(#1123),#1194,.T.);
#1273=ADVANCED_FACE('',(#1124),#56,.F.);
#1274=ADVANCED_FACE('',(#1125),#1195,.T.);
#1275=ADVANCED_FACE('',(#1126),#1196,.F.);
#1276=ADVANCED_FACE('',(#1127),#1197,.T.);
#1277=ADVANCED_FACE('',(#1128),#1198,.F.);
#1278=ADVANCED_FACE('',(#1129),#1199,.F.);
#1279=ADVANCED_FACE('',(#1130),#1200,.T.);
#1280=ADVANCED_FACE('',(#1131),#1201,.T.);
#1281=ADVANCED_FACE('',(#1132),#1202,.F.);
#1282=ADVANCED_FACE('',(#1133),#1203,.T.);
#1283=ADVANCED_FACE('',(#1134),#1204,.T.);
#1284=ADVANCED_FACE('',(#1135),#1205,.F.);
#1285=ADVANCED_FACE('',(#1136),#1206,.F.);
#1286=ADVANCED_FACE('',(#1137),#1207,.T.);
#1287=ADVANCED_FACE('',(#1138),#1208,.T.);
#1288=ADVANCED_FACE('',(#1139),#1209,.F.);
#1289=ADVANCED_FACE('',(#1140),#1210,.T.);
#1290=ADVANCED_FACE('',(#1141),#1211,.F.);
#1291=ADVANCED_FACE('',(#1142),#1212,.F.);
#1292=ADVANCED_FACE('',(#1143),#1213,.T.);
#1293=ADVANCED_FACE('',(#1144),#1214,.T.);
#1294=ADVANCED_FACE('',(#1145),#1215,.F.);
#1295=ADVANCED_FACE('',(#1146),#1216,.T.);
#1296=ADVANCED_FACE('',(#1147),#1217,.F.);
#1297=ADVANCED_FACE('',(#1148),#1218,.F.);
#1298=ADVANCED_FACE('',(#1149),#1219,.T.);
#1299=ADVANCED_FACE('',(#1150),#1220,.T.);
#1300=ADVANCED_FACE('',(#1151),#1221,.F.);
#1301=ADVANCED_FACE('',(#1152),#1222,.T.);
#1302=ADVANCED_FACE('',(#1153),#1223,.F.);
#1303=ADVANCED_FACE('',(#1154),#1224,.F.);
#1304=ADVANCED_FACE('',(#1155),#1225,.T.);
#1305=ADVANCED_FACE('',(#1156),#1226,.T.);
#1306=ADVANCED_FACE('',(#1157),#1227,.F.);
#1307=ADVANCED_FACE('',(#1158),#1228,.T.);
#1308=ADVANCED_FACE('',(#1159),#1229,.F.);
#1309=ADVANCED_FACE('',(#1160),#1230,.F.);
#1310=ADVANCED_FACE('',(#1161),#1231,.T.);
#1311=ADVANCED_FACE('',(#1162),#1232,.T.);
#1312=ADVANCED_FACE('',(#1163),#1233,.F.);
#1313=ADVANCED_FACE('',(#1164),#1234,.T.);
#1314=ADVANCED_FACE('',(#1165),#1235,.F.);
#1315=ADVANCED_FACE('',(#1166),#1236,.F.);
#1316=ADVANCED_FACE('',(#1167),#1237,.T.);
#1317=ADVANCED_FACE('',(#1168),#1238,.T.);
#1318=ADVANCED_FACE('',(#1169),#1239,.F.);
#1319=ADVANCED_FACE('',(#1170),#1240,.T.);
#1320=ADVANCED_FACE('',(#1171),#1241,.F.);
#1321=ADVANCED_FACE('',(#1172),#1242,.F.);
#1322=ADVANCED_FACE('',(#1173),#1243,.T.);
#1323=ADVANCED_FACE('',(#1174),#1244,.T.);
#1324=ADVANCED_FACE('',(#1175),#1245,.F.);
#1325=ADVANCED_FACE('',(#1176),#1246,.T.);
#1326=ADVANCED_FACE('',(#1177),#1247,.F.);
#1327=ADVANCED_FACE('',(#1178),#1248,.F.);
#1328=ADVANCED_FACE('',(#1179),#1249,.T.);
#1329=ADVANCED_FACE('',(#1180),#1250,.T.);
#1330=ADVANCED_FACE('',(#1181),#1251,.F.);
#1331=CLOSED_SHELL('',(#1252,#1253,#1254,#1255,#1256,#1257,#1258,#1259,
#1260,#1261,#1262,#1263,#1264,#1265,#1266,#1267,#1268,#1269,#1270,#1271,
#1272,#1273,#1274,#1275));
#1332=CLOSED_SHELL('',(#1276,#1277,#1278,#1279,#1280,#1281,#1282));
#1333=CLOSED_SHELL('',(#1283,#1284,#1285,#1286,#1287,#1288));
#1334=CLOSED_SHELL('',(#1289,#1290,#1291,#1292,#1293,#1294));
#1335=CLOSED_SHELL('',(#1295,#1296,#1297,#1298,#1299,#1300));
#1336=CLOSED_SHELL('',(#1301,#1302,#1303,#1304,#1305,#1306));
#1337=CLOSED_SHELL('',(#1307,#1308,#1309,#1310,#1311,#1312));
#1338=CLOSED_SHELL('',(#1313,#1314,#1315,#1316,#1317,#1318));
#1339=CLOSED_SHELL('',(#1319,#1320,#1321,#1322,#1323,#1324));
#1340=CLOSED_SHELL('',(#1325,#1326,#1327,#1328,#1329,#1330));
#1341=STYLED_ITEM('',(#1351),#1416);
#1342=STYLED_ITEM('',(#1352),#1417);
#1343=STYLED_ITEM('',(#1353),#1418);
#1344=STYLED_ITEM('',(#1354),#1419);
#1345=STYLED_ITEM('',(#1355),#1420);
#1346=STYLED_ITEM('',(#1356),#1421);
#1347=STYLED_ITEM('',(#1357),#1422);
#1348=STYLED_ITEM('',(#1358),#1423);
#1349=STYLED_ITEM('',(#1359),#1424);
#1350=STYLED_ITEM('',(#1360),#1425);
#1351=PRESENTATION_STYLE_ASSIGNMENT((#1361));
#1352=PRESENTATION_STYLE_ASSIGNMENT((#1362));
#1353=PRESENTATION_STYLE_ASSIGNMENT((#1363));
#1354=PRESENTATION_STYLE_ASSIGNMENT((#1364));
#1355=PRESENTATION_STYLE_ASSIGNMENT((#1365));
#1356=PRESENTATION_STYLE_ASSIGNMENT((#1366));
#1357=PRESENTATION_STYLE_ASSIGNMENT((#1367));
#1358=PRESENTATION_STYLE_ASSIGNMENT((#1368));
#1359=PRESENTATION_STYLE_ASSIGNMENT((#1369));
#1360=PRESENTATION_STYLE_ASSIGNMENT((#1370));
#1361=SURFACE_STYLE_USAGE(.BOTH.,#1371);
#1362=SURFACE_STYLE_USAGE(.BOTH.,#1372);
#1363=SURFACE_STYLE_USAGE(.BOTH.,#1373);
#1364=SURFACE_STYLE_USAGE(.BOTH.,#1374);
#1365=SURFACE_STYLE_USAGE(.BOTH.,#1375);
#1366=SURFACE_STYLE_USAGE(.BOTH.,#1376);
#1367=SURFACE_STYLE_USAGE(.BOTH.,#1377);
#1368=SURFACE_STYLE_USAGE(.BOTH.,#1378);
#1369=SURFACE_STYLE_USAGE(.BOTH.,#1379);
#1370=SURFACE_STYLE_USAGE(.BOTH.,#1380);
#1371=SURFACE_SIDE_STYLE('',(#1381));
#1372=SURFACE_SIDE_STYLE('',(#1382));
#1373=SURFACE_SIDE_STYLE('',(#1383));
#1374=SURFACE_SIDE_STYLE('',(#1384));
#1375=SURFACE_SIDE_STYLE('',(#1385));
#1376=SURFACE_SIDE_STYLE('',(#1386));
#1377=SURFACE_SIDE_STYLE('',(#1387));
#1378=SURFACE_SIDE_STYLE('',(#1388));
#1379=SURFACE_SIDE_STYLE('',(#1389));
#1380=SURFACE_SIDE_STYLE('',(#1390));
#1381=SURFACE_STYLE_FILL_AREA(#1391);
#1382=SURFACE_STYLE_FILL_AREA(#1392);
#1383=SURFACE_STYLE_FILL_AREA(#1393);
#1384=SURFACE_STYLE_FILL_AREA(#1394);
#1385=SURFACE_STYLE_FILL_AREA(#1395);
#1386=SURFACE_STYLE_FILL_AREA(#1396);
#1387=SURFACE_STYLE_FILL_AREA(#1397);
#1388=SURFACE_STYLE_FILL_AREA(#1398);
#1389=SURFACE_STYLE_FILL_AREA(#1399);
#1390=SURFACE_STYLE_FILL_AREA(#1400);
#1391=FILL_AREA_STYLE('',(#1401));
#1392=FILL_AREA_STYLE('',(#1402));
#1393=FILL_AREA_STYLE('',(#1403));
#1394=FILL_AREA_STYLE('',(#1404));
#1395=FILL_AREA_STYLE('',(#1405));
#1396=FILL_AREA_STYLE('',(#1406));
#1397=FILL_AREA_STYLE('',(#1407));
#1398=FILL_AREA_STYLE('',(#1408));
#1399=FILL_AREA_STYLE('',(#1409));
#1400=FILL_AREA_STYLE('',(#1410));
#1401=FILL_AREA_STYLE_COLOUR('',#1411);
#1402=FILL_AREA_STYLE_COLOUR('',#1412);
#1403=FILL_AREA_STYLE_COLOUR('',#1413);
#1404=FILL_AREA_STYLE_COLOUR('',#1413);
#1405=FILL_AREA_STYLE_COLOUR('',#1413);
#1406=FILL_AREA_STYLE_COLOUR('',#1413);
#1407=FILL_AREA_STYLE_COLOUR('',#1414);
#1408=FILL_AREA_STYLE_COLOUR('',#1415);
#1409=FILL_AREA_STYLE_COLOUR('',#1415);
#1410=FILL_AREA_STYLE_COLOUR('',#1415);
#1411=COLOUR_RGB('',0.262745098039216,0.282352941176471,0.301960784313725);
#1412=COLOUR_RGB('',0.647058823529412,0.647058823529412,0.647058823529412);
#1413=COLOUR_RGB('',0.313725490196078,0.215686274509804,0.);
#1414=COLOUR_RGB('',0.498039215686275,0.498039215686275,0.498039215686275);
#1415=COLOUR_RGB('',0.427450980392157,0.309803921568627,0.00392156862745098);
#1416=MANIFOLD_SOLID_BREP('PCB',#1331);
#1417=MANIFOLD_SOLID_BREP('Inductor',#1332);
#1418=MANIFOLD_SOLID_BREP('Capacitor',#1333);
#1419=MANIFOLD_SOLID_BREP('Capacitor',#1334);
#1420=MANIFOLD_SOLID_BREP('Capacitor',#1335);
#1421=MANIFOLD_SOLID_BREP('Capacitor',#1336);
#1422=MANIFOLD_SOLID_BREP('Diode',#1337);
#1423=MANIFOLD_SOLID_BREP('Capacitor',#1338);
#1424=MANIFOLD_SOLID_BREP('Capacitor',#1339);
#1425=MANIFOLD_SOLID_BREP('Capacitor',#1340);
#1426=SHAPE_DEFINITION_REPRESENTATION(#2370,#1436);
#1427=SHAPE_DEFINITION_REPRESENTATION(#2371,#1437);
#1428=SHAPE_DEFINITION_REPRESENTATION(#2372,#1438);
#1429=SHAPE_DEFINITION_REPRESENTATION(#2373,#1439);
#1430=SHAPE_DEFINITION_REPRESENTATION(#2374,#1440);
#1431=SHAPE_DEFINITION_REPRESENTATION(#2375,#1441);
#1432=SHAPE_DEFINITION_REPRESENTATION(#2376,#1442);
#1433=SHAPE_DEFINITION_REPRESENTATION(#2377,#1443);
#1434=SHAPE_DEFINITION_REPRESENTATION(#2378,#1444);
#1435=SHAPE_DEFINITION_REPRESENTATION(#2379,#1445);
#1436=SHAPE_REPRESENTATION('PCB',(#1446),#2320);
#1437=SHAPE_REPRESENTATION('Inductor',(#1489),#2321);
#1438=SHAPE_REPRESENTATION('Capacitor',(#1497),#2322);
#1439=SHAPE_REPRESENTATION('Capacitor',(#1504),#2323);
#1440=SHAPE_REPRESENTATION('Capacitor',(#1511),#2324);
#1441=SHAPE_REPRESENTATION('Capacitor',(#1518),#2325);
#1442=SHAPE_REPRESENTATION('Diode',(#1525),#2326);
#1443=SHAPE_REPRESENTATION('Capacitor',(#1532),#2327);
#1444=SHAPE_REPRESENTATION('Capacitor',(#1539),#2328);
#1445=SHAPE_REPRESENTATION('Capacitor',(#1546),#2329);
#1446=AXIS2_PLACEMENT_3D('',#1926,#1553,#1554);
#1447=AXIS2_PLACEMENT_3D('',#1927,#1555,#1556);
#1448=AXIS2_PLACEMENT_3D('',#1936,#1561,#1562);
#1449=AXIS2_PLACEMENT_3D('',#1937,#1563,#1564);
#1450=AXIS2_PLACEMENT_3D('',#1941,#1566,#1567);
#1451=AXIS2_PLACEMENT_3D('',#1942,#1568,#1569);
#1452=AXIS2_PLACEMENT_3D('',#1948,#1573,#1574);
#1453=AXIS2_PLACEMENT_3D('',#1949,#1575,#1576);
#1454=AXIS2_PLACEMENT_3D('',#1953,#1578,#1579);
#1455=AXIS2_PLACEMENT_3D('',#1954,#1580,#1581);
#1456=AXIS2_PLACEMENT_3D('',#1960,#1585,#1586);
#1457=AXIS2_PLACEMENT_3D('',#1961,#1587,#1588);
#1458=AXIS2_PLACEMENT_3D('',#1965,#1590,#1591);
#1459=AXIS2_PLACEMENT_3D('',#1966,#1592,#1593);
#1460=AXIS2_PLACEMENT_3D('',#1972,#1597,#1598);
#1461=AXIS2_PLACEMENT_3D('',#1973,#1599,#1600);
#1462=AXIS2_PLACEMENT_3D('',#1977,#1602,#1603);
#1463=AXIS2_PLACEMENT_3D('',#1978,#1604,#1605);
#1464=AXIS2_PLACEMENT_3D('',#1984,#1609,#1610);
#1465=AXIS2_PLACEMENT_3D('',#1985,#1611,#1612);
#1466=AXIS2_PLACEMENT_3D('',#1989,#1614,#1615);
#1467=AXIS2_PLACEMENT_3D('',#1990,#1616,#1617);
#1468=AXIS2_PLACEMENT_3D('',#1996,#1621,#1622);
#1469=AXIS2_PLACEMENT_3D('',#2002,#1626,#1627);
#1470=AXIS2_PLACEMENT_3D('',#2008,#1631,#1632);
#1471=AXIS2_PLACEMENT_3D('',#2009,#1633,#1634);
#1472=AXIS2_PLACEMENT_3D('',#2013,#1636,#1637);
#1473=AXIS2_PLACEMENT_3D('',#2014,#1638,#1639);
#1474=AXIS2_PLACEMENT_3D('',#2020,#1643,#1644);
#1475=AXIS2_PLACEMENT_3D('',#2021,#1645,#1646);
#1476=AXIS2_PLACEMENT_3D('',#2025,#1648,#1649);
#1477=AXIS2_PLACEMENT_3D('',#2026,#1650,#1651);
#1478=AXIS2_PLACEMENT_3D('',#2032,#1655,#1656);
#1479=AXIS2_PLACEMENT_3D('',#2033,#1657,#1658);
#1480=AXIS2_PLACEMENT_3D('',#2037,#1660,#1661);
#1481=AXIS2_PLACEMENT_3D('',#2038,#1662,#1663);
#1482=AXIS2_PLACEMENT_3D('',#2044,#1667,#1668);
#1483=AXIS2_PLACEMENT_3D('',#2050,#1672,#1673);
#1484=AXIS2_PLACEMENT_3D('',#2056,#1677,#1678);
#1485=AXIS2_PLACEMENT_3D('',#2057,#1679,#1680);
#1486=AXIS2_PLACEMENT_3D('',#2058,#1681,#1682);
#1487=AXIS2_PLACEMENT_3D('',#2059,#1683,#1684);
#1488=AXIS2_PLACEMENT_3D('',#2060,#1685,#1686);
#1489=AXIS2_PLACEMENT_3D('',#2061,#1687,#1688);
#1490=AXIS2_PLACEMENT_3D('',#2062,#1689,#1690);
#1491=AXIS2_PLACEMENT_3D('',#2071,#1695,#1696);
#1492=AXIS2_PLACEMENT_3D('',#2080,#1701,#1702);
#1493=AXIS2_PLACEMENT_3D('',#2086,#1706,#1707);
#1494=AXIS2_PLACEMENT_3D('',#2089,#1710,#1711);
#1495=AXIS2_PLACEMENT_3D('',#2091,#1713,#1714);
#1496=AXIS2_PLACEMENT_3D('',#2093,#1716,#1717);
#1497=AXIS2_PLACEMENT_3D('',#2094,#1718,#1719);
#1498=AXIS2_PLACEMENT_3D('',#2095,#1720,#1721);
#1499=AXIS2_PLACEMENT_3D('',#2104,#1726,#1727);
#1500=AXIS2_PLACEMENT_3D('',#2110,#1731,#1732);
#1501=AXIS2_PLACEMENT_3D('',#2116,#1736,#1737);
#1502=AXIS2_PLACEMENT_3D('',#2119,#1740,#1741);
#1503=AXIS2_PLACEMENT_3D('',#2120,#1742,#1743);
#1504=AXIS2_PLACEMENT_3D('',#2121,#1744,#1745);
#1505=AXIS2_PLACEMENT_3D('',#2122,#1746,#1747);
#1506=AXIS2_PLACEMENT_3D('',#2131,#1752,#1753);
#1507=AXIS2_PLACEMENT_3D('',#2137,#1757,#1758);
#1508=AXIS2_PLACEMENT_3D('',#2143,#1762,#1763);
#1509=AXIS2_PLACEMENT_3D('',#2146,#1766,#1767);
#1510=AXIS2_PLACEMENT_3D('',#2147,#1768,#1769);
#1511=AXIS2_PLACEMENT_3D('',#2148,#1770,#1771);
#1512=AXIS2_PLACEMENT_3D('',#2149,#1772,#1773);
#1513=AXIS2_PLACEMENT_3D('',#2158,#1778,#1779);
#1514=AXIS2_PLACEMENT_3D('',#2164,#1783,#1784);
#1515=AXIS2_PLACEMENT_3D('',#2170,#1788,#1789);
#1516=AXIS2_PLACEMENT_3D('',#2173,#1792,#1793);
#1517=AXIS2_PLACEMENT_3D('',#2174,#1794,#1795);
#1518=AXIS2_PLACEMENT_3D('',#2175,#1796,#1797);
#1519=AXIS2_PLACEMENT_3D('',#2176,#1798,#1799);
#1520=AXIS2_PLACEMENT_3D('',#2185,#1804,#1805);
#1521=AXIS2_PLACEMENT_3D('',#2191,#1809,#1810);
#1522=AXIS2_PLACEMENT_3D('',#2197,#1814,#1815);
#1523=AXIS2_PLACEMENT_3D('',#2200,#1818,#1819);
#1524=AXIS2_PLACEMENT_3D('',#2201,#1820,#1821);
#1525=AXIS2_PLACEMENT_3D('',#2202,#1822,#1823);
#1526=AXIS2_PLACEMENT_3D('',#2203,#1824,#1825);
#1527=AXIS2_PLACEMENT_3D('',#2212,#1830,#1831);
#1528=AXIS2_PLACEMENT_3D('',#2218,#1835,#1836);
#1529=AXIS2_PLACEMENT_3D('',#2224,#1840,#1841);
#1530=AXIS2_PLACEMENT_3D('',#2227,#1844,#1845);
#1531=AXIS2_PLACEMENT_3D('',#2228,#1846,#1847);
#1532=AXIS2_PLACEMENT_3D('',#2229,#1848,#1849);
#1533=AXIS2_PLACEMENT_3D('',#2230,#1850,#1851);
#1534=AXIS2_PLACEMENT_3D('',#2239,#1856,#1857);
#1535=AXIS2_PLACEMENT_3D('',#2245,#1861,#1862);
#1536=AXIS2_PLACEMENT_3D('',#2251,#1866,#1867);
#1537=AXIS2_PLACEMENT_3D('',#2254,#1870,#1871);
#1538=AXIS2_PLACEMENT_3D('',#2255,#1872,#1873);
#1539=AXIS2_PLACEMENT_3D('',#2256,#1874,#1875);
#1540=AXIS2_PLACEMENT_3D('',#2257,#1876,#1877);
#1541=AXIS2_PLACEMENT_3D('',#2266,#1882,#1883);
#1542=AXIS2_PLACEMENT_3D('',#2272,#1887,#1888);
#1543=AXIS2_PLACEMENT_3D('',#2278,#1892,#1893);
#1544=AXIS2_PLACEMENT_3D('',#2281,#1896,#1897);
#1545=AXIS2_PLACEMENT_3D('',#2282,#1898,#1899);
#1546=AXIS2_PLACEMENT_3D('',#2283,#1900,#1901);
#1547=AXIS2_PLACEMENT_3D('',#2284,#1902,#1903);
#1548=AXIS2_PLACEMENT_3D('',#2293,#1908,#1909);
#1549=AXIS2_PLACEMENT_3D('',#2299,#1913,#1914);
#1550=AXIS2_PLACEMENT_3D('',#2305,#1918,#1919);
#1551=AXIS2_PLACEMENT_3D('',#2308,#1922,#1923);
#1552=AXIS2_PLACEMENT_3D('',#2309,#1924,#1925);
#1553=DIRECTION('',(0.,0.,1.));
#1554=DIRECTION('',(1.,0.,0.));
#1555=DIRECTION('',(1.,1.35525271560688E-16,0.));
#1556=DIRECTION('',(-1.35525271560688E-16,1.,0.));
#1557=DIRECTION('',(1.35525271560688E-16,-1.,0.));
#1558=DIRECTION('',(0.,0.,-1.));
#1559=DIRECTION('',(1.35525271560688E-16,-1.,0.));
#1560=DIRECTION('',(0.,0.,-1.));
#1561=DIRECTION('',(0.,0.,-1.));
#1562=DIRECTION('',(-1.,0.,0.));
#1563=DIRECTION('',(0.,0.,-1.));
#1564=DIRECTION('',(1.,0.,0.));
#1565=DIRECTION('',(0.,0.,-1.));
#1566=DIRECTION('',(0.,0.,-1.));
#1567=DIRECTION('',(1.,0.,0.));
#1568=DIRECTION('',(-1.,-1.84964474146871E-16,0.));
#1569=DIRECTION('',(1.84964474146871E-16,-1.,0.));
#1570=DIRECTION('',(-1.84964474146871E-16,1.,0.));
#1571=DIRECTION('',(0.,0.,-1.));
#1572=DIRECTION('',(-1.84964474146871E-16,1.,0.));
#1573=DIRECTION('',(0.,0.,-1.));
#1574=DIRECTION('',(-1.,0.,0.));
#1575=DIRECTION('',(0.,0.,-1.));
#1576=DIRECTION('',(1.,0.,0.));
#1577=DIRECTION('',(0.,0.,-1.));
#1578=DIRECTION('',(0.,0.,-1.));
#1579=DIRECTION('',(1.,0.,0.));
#1580=DIRECTION('',(1.,3.16225633641606E-16,0.));
#1581=DIRECTION('',(-3.16225633641606E-16,1.,0.));
#1582=DIRECTION('',(3.16225633641606E-16,-1.,0.));
#1583=DIRECTION('',(0.,0.,-1.));
#1584=DIRECTION('',(3.16225633641606E-16,-1.,0.));
#1585=DIRECTION('',(0.,0.,-1.));
#1586=DIRECTION('',(-1.,0.,0.));
#1587=DIRECTION('',(0.,0.,-1.));
#1588=DIRECTION('',(1.,0.,0.));
#1589=DIRECTION('',(0.,0.,-1.));
#1590=DIRECTION('',(0.,0.,-1.));
#1591=DIRECTION('',(1.,0.,0.));
#1592=DIRECTION('',(1.,1.95042211224581E-16,0.));
#1593=DIRECTION('',(-1.95042211224581E-16,1.,0.));
#1594=DIRECTION('',(1.95042211224581E-16,-1.,0.));
#1595=DIRECTION('',(0.,0.,-1.));
#1596=DIRECTION('',(1.95042211224581E-16,-1.,0.));
#1597=DIRECTION('',(0.,0.,-1.));
#1598=DIRECTION('',(-1.,0.,0.));
#1599=DIRECTION('',(0.,0.,-1.));
#1600=DIRECTION('',(1.,0.,0.));
#1601=DIRECTION('',(0.,0.,-1.));
#1602=DIRECTION('',(0.,0.,-1.));
#1603=DIRECTION('',(1.,0.,0.));
#1604=DIRECTION('',(1.,1.25100250671404E-16,0.));
#1605=DIRECTION('',(-1.25100250671404E-16,1.,0.));
#1606=DIRECTION('',(1.25100250671404E-16,-1.,0.));
#1607=DIRECTION('',(0.,0.,-1.));
#1608=DIRECTION('',(1.25100250671404E-16,-1.,0.));
#1609=DIRECTION('',(0.,0.,-1.));
#1610=DIRECTION('',(-1.,0.,0.));
#1611=DIRECTION('',(0.,0.,-1.));
#1612=DIRECTION('',(1.,0.,0.));
#1613=DIRECTION('',(0.,0.,-1.));
#1614=DIRECTION('',(0.,0.,-1.));
#1615=DIRECTION('',(1.,0.,0.));
#1616=DIRECTION('',(1.,1.22464679914735E-16,0.));
#1617=DIRECTION('',(-1.22464679914735E-16,1.,0.));
#1618=DIRECTION('',(1.22464679914735E-16,-1.,0.));
#1619=DIRECTION('',(0.,0.,-1.));
#1620=DIRECTION('',(1.22464679914735E-16,-1.,0.));
#1621=DIRECTION('',(0.,1.,0.));
#1622=DIRECTION('',(0.,0.,1.));
#1623=DIRECTION('',(1.,0.,0.));
#1624=DIRECTION('',(0.,0.,-1.));
#1625=DIRECTION('',(1.,0.,0.));
#1626=DIRECTION('',(1.,0.,0.));
#1627=DIRECTION('',(0.,0.,-1.));
#1628=DIRECTION('',(0.,-1.,0.));
#1629=DIRECTION('',(0.,0.,-1.));
#1630=DIRECTION('',(0.,-1.,0.));
#1631=DIRECTION('',(0.,0.,-1.));
#1632=DIRECTION('',(-1.,0.,0.));
#1633=DIRECTION('',(0.,0.,1.));
#1634=DIRECTION('',(1.,0.,0.));
#1635=DIRECTION('',(0.,0.,-1.));
#1636=DIRECTION('',(0.,0.,1.));
#1637=DIRECTION('',(1.,0.,0.));
#1638=DIRECTION('',(-1.,0.,0.));
#1639=DIRECTION('',(0.,0.,1.));
#1640=DIRECTION('',(0.,1.,0.));
#1641=DIRECTION('',(0.,0.,-1.));
#1642=DIRECTION('',(0.,1.,0.));
#1643=DIRECTION('',(0.,0.,-1.));
#1644=DIRECTION('',(-1.,0.,0.));
#1645=DIRECTION('',(0.,0.,1.));
#1646=DIRECTION('',(1.,0.,0.));
#1647=DIRECTION('',(0.,0.,-1.));
#1648=DIRECTION('',(0.,0.,1.));
#1649=DIRECTION('',(1.,0.,0.));
#1650=DIRECTION('',(-1.,0.,0.));
#1651=DIRECTION('',(0.,0.,1.));
#1652=DIRECTION('',(0.,1.,0.));
#1653=DIRECTION('',(0.,0.,-1.));
#1654=DIRECTION('',(0.,1.,0.));
#1655=DIRECTION('',(0.,0.,-1.));
#1656=DIRECTION('',(-1.,0.,0.));
#1657=DIRECTION('',(0.,0.,1.));
#1658=DIRECTION('',(1.,0.,0.));
#1659=DIRECTION('',(0.,0.,-1.));
#1660=DIRECTION('',(0.,0.,1.));
#1661=DIRECTION('',(1.,0.,0.));
#1662=DIRECTION('',(-1.,0.,0.));
#1663=DIRECTION('',(0.,0.,1.));
#1664=DIRECTION('',(0.,1.,0.));
#1665=DIRECTION('',(0.,0.,-1.));
#1666=DIRECTION('',(0.,1.,0.));
#1667=DIRECTION('',(0.,1.,0.));
#1668=DIRECTION('',(0.,0.,1.));
#1669=DIRECTION('',(1.,0.,0.));
#1670=DIRECTION('',(0.,0.,-1.));
#1671=DIRECTION('',(1.,0.,0.));
#1672=DIRECTION('',(-1.,-1.83697019872103E-16,0.));
#1673=DIRECTION('',(1.83697019872103E-16,-1.,0.));
#1674=DIRECTION('',(-1.83697019872103E-16,1.,0.));
#1675=DIRECTION('',(0.,0.,-1.));
#1676=DIRECTION('',(-1.83697019872103E-16,1.,0.));
#1677=DIRECTION('',(0.,0.,-1.));
#1678=DIRECTION('',(-1.,0.,0.));
#1679=DIRECTION('',(0.,0.,-1.));
#1680=DIRECTION('',(1.,0.,0.));
#1681=DIRECTION('',(0.,0.,-1.));
#1682=DIRECTION('',(1.,0.,0.));
#1683=DIRECTION('',(0.,0.,1.));
#1684=DIRECTION('',(1.,0.,0.));
#1685=DIRECTION('',(0.,0.,1.));
#1686=DIRECTION('',(1.,0.,0.));
#1687=DIRECTION('',(0.,0.,1.));
#1688=DIRECTION('',(1.,0.,0.));
#1689=DIRECTION('',(-1.,0.,0.));
#1690=DIRECTION('',(0.,0.,1.));
#1691=DIRECTION('',(0.,1.,0.));
#1692=DIRECTION('',(0.,0.,1.));
#1693=DIRECTION('',(0.,1.,0.));
#1694=DIRECTION('',(0.,0.,-1.));
#1695=DIRECTION('',(-1.87814549564418E-16,1.,0.));
#1696=DIRECTION('',(-1.,-1.87814549564418E-16,0.));
#1697=DIRECTION('',(1.,1.87814549564418E-16,0.));
#1698=DIRECTION('',(0.,0.,-1.));
#1699=DIRECTION('',(1.,1.87814549564418E-16,0.));
#1700=DIRECTION('',(0.,0.,-1.));
#1701=DIRECTION('',(-1.,0.,0.));
#1702=DIRECTION('',(0.,0.,1.));
#1703=DIRECTION('',(0.,1.,0.));
#1704=DIRECTION('',(0.,0.,-1.));
#1705=DIRECTION('',(0.,1.,0.));
#1706=DIRECTION('',(-1.36592399683213E-16,1.,0.));
#1707=DIRECTION('',(-1.,-1.36592399683213E-16,0.));
#1708=DIRECTION('',(1.,1.36592399683213E-16,0.));
#1709=DIRECTION('',(1.,1.36592399683213E-16,0.));
#1710=DIRECTION('',(0.,0.,1.));
#1711=DIRECTION('',(1.,0.,0.));
#1712=DIRECTION('',(0.707106781186548,-0.707106781186547,0.));
#1713=DIRECTION('',(0.,0.,1.));
#1714=DIRECTION('',(1.,0.,0.));
#1715=DIRECTION('',(-0.707106781186548,0.707106781186547,0.));
#1716=DIRECTION('',(-0.707106781186547,-0.707106781186548,0.));
#1717=DIRECTION('',(0.,0.,1.));
#1718=DIRECTION('',(0.,0.,1.));
#1719=DIRECTION('',(1.,0.,0.));
#1720=DIRECTION('',(-1.,-1.91329795144501E-16,0.));
#1721=DIRECTION('',(1.91329795144501E-16,-1.,0.));
#1722=DIRECTION('',(-1.91329795144501E-16,1.,0.));
#1723=DIRECTION('',(0.,0.,-1.));
#1724=DIRECTION('',(-1.91329795144501E-16,1.,0.));
#1725=DIRECTION('',(0.,0.,-1.));
#1726=DIRECTION('',(0.,1.,0.));
#1727=DIRECTION('',(0.,0.,1.));
#1728=DIRECTION('',(1.,0.,0.));
#1729=DIRECTION('',(0.,0.,-1.));
#1730=DIRECTION('',(1.,0.,0.));
#1731=DIRECTION('',(-1.,0.,0.));
#1732=DIRECTION('',(0.,0.,1.));
#1733=DIRECTION('',(0.,1.,0.));
#1734=DIRECTION('',(0.,0.,-1.));
#1735=DIRECTION('',(0.,1.,0.));
#1736=DIRECTION('',(0.,1.,0.));
#1737=DIRECTION('',(0.,0.,1.));
#1738=DIRECTION('',(1.,0.,0.));
#1739=DIRECTION('',(1.,0.,0.));
#1740=DIRECTION('',(0.,0.,1.));
#1741=DIRECTION('',(1.,0.,0.));
#1742=DIRECTION('',(0.,0.,1.));
#1743=DIRECTION('',(1.,0.,0.));
#1744=DIRECTION('',(0.,0.,1.));
#1745=DIRECTION('',(1.,0.,0.));
#1746=DIRECTION('',(-1.,0.,0.));
#1747=DIRECTION('',(0.,0.,1.));
#1748=DIRECTION('',(0.,1.,0.));
#1749=DIRECTION('',(0.,0.,-1.));
#1750=DIRECTION('',(0.,1.,0.));
#1751=DIRECTION('',(0.,0.,-1.));
#1752=DIRECTION('',(0.,1.,0.));
#1753=DIRECTION('',(0.,0.,1.));
#1754=DIRECTION('',(1.,0.,0.));
#1755=DIRECTION('',(0.,0.,-1.));
#1756=DIRECTION('',(1.,0.,0.));
#1757=DIRECTION('',(-1.,0.,0.));
#1758=DIRECTION('',(0.,0.,1.));
#1759=DIRECTION('',(0.,1.,0.));
#1760=DIRECTION('',(0.,0.,-1.));
#1761=DIRECTION('',(0.,1.,0.));
#1762=DIRECTION('',(0.,1.,0.));
#1763=DIRECTION('',(0.,0.,1.));
#1764=DIRECTION('',(1.,0.,0.));
#1765=DIRECTION('',(1.,0.,0.));
#1766=DIRECTION('',(0.,0.,1.));
#1767=DIRECTION('',(1.,0.,0.));
#1768=DIRECTION('',(0.,0.,1.));
#1769=DIRECTION('',(1.,0.,0.));
#1770=DIRECTION('',(0.,0.,1.));
#1771=DIRECTION('',(1.,0.,0.));
#1772=DIRECTION('',(-1.,0.,0.));
#1773=DIRECTION('',(0.,0.,1.));
#1774=DIRECTION('',(0.,1.,0.));
#1775=DIRECTION('',(0.,0.,-1.));
#1776=DIRECTION('',(0.,1.,0.));
#1777=DIRECTION('',(0.,0.,-1.));
#1778=DIRECTION('',(-3.33600668457079E-16,1.,0.));
#1779=DIRECTION('',(-1.,-3.33600668457079E-16,0.));
#1780=DIRECTION('',(1.,3.33600668457079E-16,0.));
#1781=DIRECTION('',(0.,0.,-1.));
#1782=DIRECTION('',(1.,3.33600668457079E-16,0.));
#1783=DIRECTION('',(-1.,0.,0.));
#1784=DIRECTION('',(0.,0.,1.));
#1785=DIRECTION('',(0.,1.,0.));
#1786=DIRECTION('',(0.,0.,-1.));
#1787=DIRECTION('',(0.,1.,0.));
#1788=DIRECTION('',(0.,1.,0.));
#1789=DIRECTION('',(0.,0.,1.));
#1790=DIRECTION('',(1.,0.,0.));
#1791=DIRECTION('',(1.,0.,0.));
#1792=DIRECTION('',(0.,0.,1.));
#1793=DIRECTION('',(1.,0.,0.));
#1794=DIRECTION('',(0.,0.,1.));
#1795=DIRECTION('',(1.,0.,0.));
#1796=DIRECTION('',(0.,0.,1.));
#1797=DIRECTION('',(1.,0.,0.));
#1798=DIRECTION('',(-1.,0.,0.));
#1799=DIRECTION('',(0.,0.,1.));
#1800=DIRECTION('',(0.,1.,0.));
#1801=DIRECTION('',(0.,0.,-1.));
#1802=DIRECTION('',(0.,1.,0.));
#1803=DIRECTION('',(0.,0.,-1.));
#1804=DIRECTION('',(-3.33600668457079E-16,1.,0.));
#1805=DIRECTION('',(-1.,-3.33600668457079E-16,0.));
#1806=DIRECTION('',(1.,3.33600668457079E-16,0.));
#1807=DIRECTION('',(0.,0.,-1.));
#1808=DIRECTION('',(1.,3.33600668457079E-16,0.));
#1809=DIRECTION('',(-1.,0.,0.));
#1810=DIRECTION('',(0.,0.,1.));
#1811=DIRECTION('',(0.,1.,0.));
#1812=DIRECTION('',(0.,0.,-1.));
#1813=DIRECTION('',(0.,1.,0.));
#1814=DIRECTION('',(0.,1.,0.));
#1815=DIRECTION('',(0.,0.,1.));
#1816=DIRECTION('',(1.,0.,0.));
#1817=DIRECTION('',(1.,0.,0.));
#1818=DIRECTION('',(0.,0.,1.));
#1819=DIRECTION('',(1.,0.,0.));
#1820=DIRECTION('',(0.,0.,1.));
#1821=DIRECTION('',(1.,0.,0.));
#1822=DIRECTION('',(0.,0.,1.));
#1823=DIRECTION('',(1.,0.,0.));
#1824=DIRECTION('',(0.,1.,0.));
#1825=DIRECTION('',(0.,0.,1.));
#1826=DIRECTION('',(1.,0.,0.));
#1827=DIRECTION('',(0.,0.,-1.));
#1828=DIRECTION('',(1.,0.,0.));
#1829=DIRECTION('',(0.,0.,-1.));
#1830=DIRECTION('',(1.,3.03576608295942E-16,0.));
#1831=DIRECTION('',(-3.03576608295942E-16,1.,0.));
#1832=DIRECTION('',(3.03576608295941E-16,-1.,0.));
#1833=DIRECTION('',(0.,0.,-1.));
#1834=DIRECTION('',(3.03576608295941E-16,-1.,0.));
#1835=DIRECTION('',(0.,1.,0.));
#1836=DIRECTION('',(0.,0.,1.));
#1837=DIRECTION('',(1.,0.,0.));
#1838=DIRECTION('',(0.,0.,-1.));
#1839=DIRECTION('',(1.,0.,0.));
#1840=DIRECTION('',(1.,3.46944695195362E-16,0.));
#1841=DIRECTION('',(-3.46944695195362E-16,1.,0.));
#1842=DIRECTION('',(3.46944695195362E-16,-1.,0.));
#1843=DIRECTION('',(3.46944695195362E-16,-1.,0.));
#1844=DIRECTION('',(0.,0.,1.));
#1845=DIRECTION('',(1.,0.,0.));
#1846=DIRECTION('',(0.,0.,1.));
#1847=DIRECTION('',(1.,0.,0.));
#1848=DIRECTION('',(0.,0.,1.));
#1849=DIRECTION('',(1.,0.,0.));
#1850=DIRECTION('',(0.,1.,0.));
#1851=DIRECTION('',(0.,0.,1.));
#1852=DIRECTION('',(1.,0.,0.));
#1853=DIRECTION('',(0.,0.,-1.));
#1854=DIRECTION('',(1.,0.,0.));
#1855=DIRECTION('',(0.,0.,-1.));
#1856=DIRECTION('',(1.,0.,0.));
#1857=DIRECTION('',(0.,0.,-1.));
#1858=DIRECTION('',(0.,-1.,0.));
#1859=DIRECTION('',(0.,0.,-1.));
#1860=DIRECTION('',(0.,-1.,0.));
#1861=DIRECTION('',(0.,1.,0.));
#1862=DIRECTION('',(0.,0.,1.));
#1863=DIRECTION('',(1.,0.,0.));
#1864=DIRECTION('',(0.,0.,-1.));
#1865=DIRECTION('',(1.,0.,0.));
#1866=DIRECTION('',(1.,0.,0.));
#1867=DIRECTION('',(0.,0.,-1.));
#1868=DIRECTION('',(0.,-1.,0.));
#1869=DIRECTION('',(0.,-1.,0.));
#1870=DIRECTION('',(0.,0.,1.));
#1871=DIRECTION('',(1.,0.,0.));
#1872=DIRECTION('',(0.,0.,1.));
#1873=DIRECTION('',(1.,0.,0.));
#1874=DIRECTION('',(0.,0.,1.));
#1875=DIRECTION('',(1.,0.,0.));
#1876=DIRECTION('',(0.,1.,0.));
#1877=DIRECTION('',(0.,0.,1.));
#1878=DIRECTION('',(1.,0.,0.));
#1879=DIRECTION('',(0.,0.,-1.));
#1880=DIRECTION('',(1.,0.,0.));
#1881=DIRECTION('',(0.,0.,-1.));
#1882=DIRECTION('',(1.,0.,0.));
#1883=DIRECTION('',(0.,0.,-1.));
#1884=DIRECTION('',(0.,-1.,0.));
#1885=DIRECTION('',(0.,0.,-1.));
#1886=DIRECTION('',(0.,-1.,0.));
#1887=DIRECTION('',(0.,1.,0.));
#1888=DIRECTION('',(0.,0.,1.));
#1889=DIRECTION('',(1.,0.,0.));
#1890=DIRECTION('',(0.,0.,-1.));
#1891=DIRECTION('',(1.,0.,0.));
#1892=DIRECTION('',(1.,0.,0.));
#1893=DIRECTION('',(0.,0.,-1.));
#1894=DIRECTION('',(0.,-1.,0.));
#1895=DIRECTION('',(0.,-1.,0.));
#1896=DIRECTION('',(0.,0.,1.));
#1897=DIRECTION('',(1.,0.,0.));
#1898=DIRECTION('',(0.,0.,1.));
#1899=DIRECTION('',(1.,0.,0.));
#1900=DIRECTION('',(0.,0.,1.));
#1901=DIRECTION('',(1.,0.,0.));
#1902=DIRECTION('',(0.,1.,0.));
#1903=DIRECTION('',(0.,0.,1.));
#1904=DIRECTION('',(1.,0.,0.));
#1905=DIRECTION('',(0.,0.,-1.));
#1906=DIRECTION('',(1.,0.,0.));
#1907=DIRECTION('',(0.,0.,-1.));
#1908=DIRECTION('',(1.,0.,0.));
#1909=DIRECTION('',(0.,0.,-1.));
#1910=DIRECTION('',(0.,-1.,0.));
#1911=DIRECTION('',(0.,0.,-1.));
#1912=DIRECTION('',(0.,-1.,0.));
#1913=DIRECTION('',(0.,1.,0.));
#1914=DIRECTION('',(0.,0.,1.));
#1915=DIRECTION('',(1.,0.,0.));
#1916=DIRECTION('',(0.,0.,-1.));
#1917=DIRECTION('',(1.,0.,0.));
#1918=DIRECTION('',(1.,0.,0.));
#1919=DIRECTION('',(0.,0.,-1.));
#1920=DIRECTION('',(0.,-1.,0.));
#1921=DIRECTION('',(0.,-1.,0.));
#1922=DIRECTION('',(0.,0.,1.));
#1923=DIRECTION('',(1.,0.,0.));
#1924=DIRECTION('',(0.,0.,1.));
#1925=DIRECTION('',(1.,0.,0.));
#1926=CARTESIAN_POINT('',(0.,0.,0.));
#1927=CARTESIAN_POINT('',(0.0004,0.0236,0.0017));
#1928=CARTESIAN_POINT('',(0.0004,0.0236,0.));
#1929=CARTESIAN_POINT('',(0.0004,0.0246,0.));
#1930=CARTESIAN_POINT('',(0.0004,0.0226,0.));
#1931=CARTESIAN_POINT('',(0.0004,0.0226,0.0017));
#1932=CARTESIAN_POINT('',(0.0004,0.0226,0.0017));
#1933=CARTESIAN_POINT('',(0.0004,0.0236,0.0017));
#1934=CARTESIAN_POINT('',(0.0004,0.0246,0.0017));
#1935=CARTESIAN_POINT('',(0.0004,0.0246,0.0017));
#1936=CARTESIAN_POINT('',(-1.68946373172623E-18,0.0226,0.0017));
#1937=CARTESIAN_POINT('',(-1.68946373172623E-18,0.0226,0.));
#1938=CARTESIAN_POINT('',(-1.69841409609992E-18,0.0222,0.));
#1939=CARTESIAN_POINT('',(-1.69841409609992E-18,0.0222,0.0017));
#1940=CARTESIAN_POINT('',(-1.69841409609992E-18,0.0222,0.0017));
#1941=CARTESIAN_POINT('',(-1.68946373172623E-18,0.0226,0.0017));
#1942=CARTESIAN_POINT('',(-1.04179021287853E-18,0.01865,0.0017));
#1943=CARTESIAN_POINT('',(-1.04179021287853E-18,0.01865,0.));
#1944=CARTESIAN_POINT('',(-3.85166329657137E-19,0.0151,0.));
#1945=CARTESIAN_POINT('',(-3.85166329657137E-19,0.0151,0.0017));
#1946=CARTESIAN_POINT('',(-3.85166329657137E-19,0.0151,0.0017));
#1947=CARTESIAN_POINT('',(-1.04179021287853E-18,0.01865,0.0017));
#1948=CARTESIAN_POINT('',(-3.82318545013532E-19,0.0147,0.0017));
#1949=CARTESIAN_POINT('',(-3.82318545013532E-19,0.0147,0.));
#1950=CARTESIAN_POINT('',(0.0004,0.0147,0.));
#1951=CARTESIAN_POINT('',(0.0004,0.0147,0.0017));
#1952=CARTESIAN_POINT('',(0.0004,0.0147,0.0017));
#1953=CARTESIAN_POINT('',(-3.82318545013532E-19,0.0147,0.0017));
#1954=CARTESIAN_POINT('',(0.0004,0.0129,0.0017));
#1955=CARTESIAN_POINT('',(0.0004,0.0129,0.));
#1956=CARTESIAN_POINT('',(0.0004,0.0111,0.));
#1957=CARTESIAN_POINT('',(0.0004,0.0111,0.0017));
#1958=CARTESIAN_POINT('',(0.0004,0.0111,0.0017));
#1959=CARTESIAN_POINT('',(0.0004,0.0129,0.0017));
#1960=CARTESIAN_POINT('',(3.70607591032679E-19,0.0111,0.0017));
#1961=CARTESIAN_POINT('',(3.70607591032679E-19,0.0111,0.));
#1962=CARTESIAN_POINT('',(3.6174442169543E-19,0.0107,0.));
#1963=CARTESIAN_POINT('',(3.6174442169543E-19,0.0107,0.0017));
#1964=CARTESIAN_POINT('',(3.6174442169543E-19,0.0107,0.0017));
#1965=CARTESIAN_POINT('',(3.70607591032679E-19,0.0111,0.0017));
#1966=CARTESIAN_POINT('',(9.76127387052862E-19,0.00755,0.0017));
#1967=CARTESIAN_POINT('',(9.76127387052862E-19,0.00755,0.));
#1968=CARTESIAN_POINT('',(1.59051035241029E-18,0.0044,0.));
#1969=CARTESIAN_POINT('',(1.59051035241029E-18,0.0044,0.0017));
#1970=CARTESIAN_POINT('',(1.59051035241029E-18,0.0044,0.0017));
#1971=CARTESIAN_POINT('',(9.76127387052862E-19,0.00755,0.0017));
#1972=CARTESIAN_POINT('',(3.08058282432787E-18,0.004,0.0017));
#1973=CARTESIAN_POINT('',(3.08058282432787E-18,0.004,0.));
#1974=CARTESIAN_POINT('',(0.0004,0.004,0.));
#1975=CARTESIAN_POINT('',(0.0004,0.004,0.0017));
#1976=CARTESIAN_POINT('',(0.0004,0.004,0.0017));
#1977=CARTESIAN_POINT('',(3.08058282432787E-18,0.004,0.0017));
#1978=CARTESIAN_POINT('',(0.0004,0.0027,0.0017));
#1979=CARTESIAN_POINT('',(0.0004,0.0027,0.));
#1980=CARTESIAN_POINT('',(0.0004,0.0014,0.));
#1981=CARTESIAN_POINT('',(0.0004,0.0014,0.0017));
#1982=CARTESIAN_POINT('',(0.0004,0.0014,0.0017));
#1983=CARTESIAN_POINT('',(0.0004,0.0027,0.0017));
#1984=CARTESIAN_POINT('',(2.16772134455241E-18,0.0014,0.0017));
#1985=CARTESIAN_POINT('',(2.16772134455241E-18,0.0014,0.));
#1986=CARTESIAN_POINT('',(-6.12323399573675E-20,0.001,0.));
#1987=CARTESIAN_POINT('',(-6.12323399573675E-20,0.001,0.0017));
#1988=CARTESIAN_POINT('',(-6.12323399573675E-20,0.001,0.0017));
#1989=CARTESIAN_POINT('',(2.16772134455241E-18,0.0014,0.0017));
#1990=CARTESIAN_POINT('',(0.,0.0005,0.0017));
#1991=CARTESIAN_POINT('',(0.,0.0005,0.));
#1992=CARTESIAN_POINT('',(0.,0.,0.));
#1993=CARTESIAN_POINT('',(0.,0.,0.0017));
#1994=CARTESIAN_POINT('',(0.,0.,0.0017));
#1995=CARTESIAN_POINT('',(0.,0.0005,0.0017));
#1996=CARTESIAN_POINT('',(0.015,0.,0.0017));
#1997=CARTESIAN_POINT('',(0.015,0.,0.));
#1998=CARTESIAN_POINT('',(0.03,0.,0.));
#1999=CARTESIAN_POINT('',(0.03,0.,0.0017));
#2000=CARTESIAN_POINT('',(0.03,0.,0.0017));
#2001=CARTESIAN_POINT('',(0.015,0.,0.0017));
#2002=CARTESIAN_POINT('',(0.03,0.008,0.0017));
#2003=CARTESIAN_POINT('',(0.03,0.008,0.));
#2004=CARTESIAN_POINT('',(0.03,0.016,0.));
#2005=CARTESIAN_POINT('',(0.03,0.016,0.0017));
#2006=CARTESIAN_POINT('',(0.03,0.016,0.0017));
#2007=CARTESIAN_POINT('',(0.03,0.008,0.0017));
#2008=CARTESIAN_POINT('',(0.03,0.0165,0.0017));
#2009=CARTESIAN_POINT('',(0.03,0.0165,0.));
#2010=CARTESIAN_POINT('',(0.03,0.017,0.));
#2011=CARTESIAN_POINT('',(0.03,0.017,0.0017));
#2012=CARTESIAN_POINT('',(0.03,0.017,0.0017));
#2013=CARTESIAN_POINT('',(0.03,0.0165,0.0017));
#2014=CARTESIAN_POINT('',(0.03,0.018,0.0017));
#2015=CARTESIAN_POINT('',(0.03,0.018,0.));
#2016=CARTESIAN_POINT('',(0.03,0.019,0.));
#2017=CARTESIAN_POINT('',(0.03,0.019,0.0017));
#2018=CARTESIAN_POINT('',(0.03,0.019,0.0017));
#2019=CARTESIAN_POINT('',(0.03,0.018,0.0017));
#2020=CARTESIAN_POINT('',(0.03,0.0195,0.0017));
#2021=CARTESIAN_POINT('',(0.03,0.0195,0.));
#2022=CARTESIAN_POINT('',(0.03,0.02,0.));
#2023=CARTESIAN_POINT('',(0.03,0.02,0.0017));
#2024=CARTESIAN_POINT('',(0.03,0.02,0.0017));
#2025=CARTESIAN_POINT('',(0.03,0.0195,0.0017));
#2026=CARTESIAN_POINT('',(0.03,0.02125,0.0017));
#2027=CARTESIAN_POINT('',(0.03,0.02125,0.));
#2028=CARTESIAN_POINT('',(0.03,0.0225,0.));
#2029=CARTESIAN_POINT('',(0.03,0.0225,0.0017));
#2030=CARTESIAN_POINT('',(0.03,0.0225,0.0017));
#2031=CARTESIAN_POINT('',(0.03,0.02125,0.0017));
#2032=CARTESIAN_POINT('',(0.03,0.023,0.0017));
#2033=CARTESIAN_POINT('',(0.03,0.023,0.));
#2034=CARTESIAN_POINT('',(0.03,0.0235,0.));
#2035=CARTESIAN_POINT('',(0.03,0.0235,0.0017));
#2036=CARTESIAN_POINT('',(0.03,0.0235,0.0017));
#2037=CARTESIAN_POINT('',(0.03,0.023,0.0017));
#2038=CARTESIAN_POINT('',(0.03,0.02475,0.0017));
#2039=CARTESIAN_POINT('',(0.03,0.02475,0.));
#2040=CARTESIAN_POINT('',(0.03,0.026,0.));
#2041=CARTESIAN_POINT('',(0.03,0.026,0.0017));
#2042=CARTESIAN_POINT('',(0.03,0.026,0.0017));
#2043=CARTESIAN_POINT('',(0.03,0.02475,0.0017));
#2044=CARTESIAN_POINT('',(0.015,0.026,0.0017));
#2045=CARTESIAN_POINT('',(0.015,0.026,0.));
#2046=CARTESIAN_POINT('',(-1.7347234759768E-18,0.026,0.));
#2047=CARTESIAN_POINT('',(-1.7347234759768E-18,0.026,0.0017));
#2048=CARTESIAN_POINT('',(-1.7347234759768E-18,0.026,0.0017));
#2049=CARTESIAN_POINT('',(0.015,0.026,0.0017));
#2050=CARTESIAN_POINT('',(-2.29621274840129E-18,0.0255,0.0017));
#2051=CARTESIAN_POINT('',(-2.29621274840129E-18,0.0255,0.));
#2052=CARTESIAN_POINT('',(-2.20436423846524E-18,0.025,0.));
#2053=CARTESIAN_POINT('',(-2.20436423846524E-18,0.025,0.0017));
#2054=CARTESIAN_POINT('',(-2.20436423846524E-18,0.025,0.0017));
#2055=CARTESIAN_POINT('',(-2.29621274840129E-18,0.0255,0.0017));
#2056=CARTESIAN_POINT('',(-2.17237939862643E-18,0.0246,0.0017));
#2057=CARTESIAN_POINT('',(-2.17237939862643E-18,0.0246,0.));
#2058=CARTESIAN_POINT('',(-2.17237939862643E-18,0.0246,0.0017));
#2059=CARTESIAN_POINT('',(0.015,0.013,0.0017));
#2060=CARTESIAN_POINT('',(0.015,0.013,0.));
#2061=CARTESIAN_POINT('',(0.,0.,0.));
#2062=CARTESIAN_POINT('',(0.0158,0.0079,0.0077));
#2063=CARTESIAN_POINT('',(0.0158,0.0079,0.0017));
#2064=CARTESIAN_POINT('',(0.0158,0.0025,0.0017));
#2065=CARTESIAN_POINT('',(0.0158,0.0143,0.0017));
#2066=CARTESIAN_POINT('',(0.0158,0.0025,0.0077));
#2067=CARTESIAN_POINT('',(0.0158,0.0025,0.0077));
#2068=CARTESIAN_POINT('',(0.0158,0.0079,0.0077));
#2069=CARTESIAN_POINT('',(0.0158,0.0143,0.0077));
#2070=CARTESIAN_POINT('',(0.0158,0.0143,0.0077));
#2071=CARTESIAN_POINT('',(0.02215,0.0015,0.0077));
#2072=CARTESIAN_POINT('',(0.02215,0.0015,0.0077));
#2073=CARTESIAN_POINT('',(0.0168,0.0015,0.0077));
#2074=CARTESIAN_POINT('',(0.0285,0.0015,0.0077));
#2075=CARTESIAN_POINT('',(0.0168,0.0015,0.0017));
#2076=CARTESIAN_POINT('',(0.0168,0.0015,0.0017));
#2077=CARTESIAN_POINT('',(0.02215,0.0015,0.0017));
#2078=CARTESIAN_POINT('',(0.0285,0.0015,0.0017));
#2079=CARTESIAN_POINT('',(0.0285,0.0015,0.0077));
#2080=CARTESIAN_POINT('',(0.0285,0.0079,0.0077));
#2081=CARTESIAN_POINT('',(0.0285,0.0079,0.0017));
#2082=CARTESIAN_POINT('',(0.0285,0.0143,0.0017));
#2083=CARTESIAN_POINT('',(0.0285,0.0143,0.0077));
#2084=CARTESIAN_POINT('',(0.0285,0.0143,0.0077));
#2085=CARTESIAN_POINT('',(0.0285,0.0079,0.0077));
#2086=CARTESIAN_POINT('',(0.02215,0.0143,0.0077));
#2087=CARTESIAN_POINT('',(0.02215,0.0143,0.0017));
#2088=CARTESIAN_POINT('',(0.02215,0.0143,0.0077));
#2089=CARTESIAN_POINT('',(0.015,0.013,0.0077));
#2090=CARTESIAN_POINT('',(0.01015,0.00815,0.0077));
#2091=CARTESIAN_POINT('',(0.015,0.013,0.0017));
#2092=CARTESIAN_POINT('',(0.0168,0.0015,0.0017));
#2093=CARTESIAN_POINT('',(0.0168,0.0015,0.0077));
#2094=CARTESIAN_POINT('',(0.,0.,0.));
#2095=CARTESIAN_POINT('',(0.0018,0.0072,0.0042));
#2096=CARTESIAN_POINT('',(0.0018,0.0072,0.0017));
#2097=CARTESIAN_POINT('',(0.0018,0.0055,0.0017));
#2098=CARTESIAN_POINT('',(0.0018,0.0089,0.0017));
#2099=CARTESIAN_POINT('',(0.0018,0.0055,0.0042));
#2100=CARTESIAN_POINT('',(0.0018,0.0055,0.0042));
#2101=CARTESIAN_POINT('',(0.0018,0.0072,0.0042));
#2102=CARTESIAN_POINT('',(0.0018,0.0089,0.0042));
#2103=CARTESIAN_POINT('',(0.0018,0.0089,0.0042));
#2104=CARTESIAN_POINT('',(0.0031,0.0055,0.0042));
#2105=CARTESIAN_POINT('',(0.0031,0.0055,0.0017));
#2106=CARTESIAN_POINT('',(0.0044,0.0055,0.0017));
#2107=CARTESIAN_POINT('',(0.0044,0.0055,0.0042));
#2108=CARTESIAN_POINT('',(0.0044,0.0055,0.0042));
#2109=CARTESIAN_POINT('',(0.0031,0.0055,0.0042));
#2110=CARTESIAN_POINT('',(0.0044,0.0072,0.0042));
#2111=CARTESIAN_POINT('',(0.0044,0.0072,0.0017));
#2112=CARTESIAN_POINT('',(0.0044,0.0089,0.0017));
#2113=CARTESIAN_POINT('',(0.0044,0.0089,0.0042));
#2114=CARTESIAN_POINT('',(0.0044,0.0089,0.0042));
#2115=CARTESIAN_POINT('',(0.0044,0.0072,0.0042));
#2116=CARTESIAN_POINT('',(0.0031,0.0089,0.0042));
#2117=CARTESIAN_POINT('',(0.0031,0.0089,0.0017));
#2118=CARTESIAN_POINT('',(0.0031,0.0089,0.0042));
#2119=CARTESIAN_POINT('',(0.015,0.013,0.0042));
#2120=CARTESIAN_POINT('',(0.015,0.013,0.0017));
#2121=CARTESIAN_POINT('',(0.,0.,0.));
#2122=CARTESIAN_POINT('',(0.00505,0.0072,0.0042));
#2123=CARTESIAN_POINT('',(0.00505,0.0072,0.0017));
#2124=CARTESIAN_POINT('',(0.00505,0.0055,0.0017));
#2125=CARTESIAN_POINT('',(0.00505,0.0089,0.0017));
#2126=CARTESIAN_POINT('',(0.00505,0.0055,0.0042));
#2127=CARTESIAN_POINT('',(0.00505,0.0055,0.0042));
#2128=CARTESIAN_POINT('',(0.00505,0.0072,0.0042));
#2129=CARTESIAN_POINT('',(0.00505,0.0089,0.0042));
#2130=CARTESIAN_POINT('',(0.00505,0.0089,0.0042));
#2131=CARTESIAN_POINT('',(0.00635,0.0055,0.0042));
#2132=CARTESIAN_POINT('',(0.00635,0.0055,0.0017));
#2133=CARTESIAN_POINT('',(0.00765,0.0055,0.0017));
#2134=CARTESIAN_POINT('',(0.00765,0.0055,0.0042));
#2135=CARTESIAN_POINT('',(0.00765,0.0055,0.0042));
#2136=CARTESIAN_POINT('',(0.00635,0.0055,0.0042));
#2137=CARTESIAN_POINT('',(0.00765,0.0072,0.0042));
#2138=CARTESIAN_POINT('',(0.00765,0.0072,0.0017));
#2139=CARTESIAN_POINT('',(0.00765,0.0089,0.0017));
#2140=CARTESIAN_POINT('',(0.00765,0.0089,0.0042));
#2141=CARTESIAN_POINT('',(0.00765,0.0089,0.0042));
#2142=CARTESIAN_POINT('',(0.00765,0.0072,0.0042));
#2143=CARTESIAN_POINT('',(0.00635,0.0089,0.0042));
#2144=CARTESIAN_POINT('',(0.00635,0.0089,0.0017));
#2145=CARTESIAN_POINT('',(0.00635,0.0089,0.0042));
#2146=CARTESIAN_POINT('',(0.015,0.013,0.0042));
#2147=CARTESIAN_POINT('',(0.015,0.013,0.0017));
#2148=CARTESIAN_POINT('',(0.,0.,0.));
#2149=CARTESIAN_POINT('',(0.0083,0.0072,0.0042));
#2150=CARTESIAN_POINT('',(0.0083,0.0072,0.0017));
#2151=CARTESIAN_POINT('',(0.0083,0.0055,0.0017));
#2152=CARTESIAN_POINT('',(0.0083,0.0089,0.0017));
#2153=CARTESIAN_POINT('',(0.0083,0.0055,0.0042));
#2154=CARTESIAN_POINT('',(0.0083,0.0055,0.0042));
#2155=CARTESIAN_POINT('',(0.0083,0.0072,0.0042));
#2156=CARTESIAN_POINT('',(0.0083,0.0089,0.0042));
#2157=CARTESIAN_POINT('',(0.0083,0.0089,0.0042));
#2158=CARTESIAN_POINT('',(0.0096,0.0055,0.0042));
#2159=CARTESIAN_POINT('',(0.0096,0.0055,0.0017));
#2160=CARTESIAN_POINT('',(0.0109,0.0055,0.0017));
#2161=CARTESIAN_POINT('',(0.0109,0.0055,0.0042));
#2162=CARTESIAN_POINT('',(0.0109,0.0055,0.0042));
#2163=CARTESIAN_POINT('',(0.0096,0.0055,0.0042));
#2164=CARTESIAN_POINT('',(0.0109,0.0072,0.0042));
#2165=CARTESIAN_POINT('',(0.0109,0.0072,0.0017));
#2166=CARTESIAN_POINT('',(0.0109,0.0089,0.0017));
#2167=CARTESIAN_POINT('',(0.0109,0.0089,0.0042));
#2168=CARTESIAN_POINT('',(0.0109,0.0089,0.0042));
#2169=CARTESIAN_POINT('',(0.0109,0.0072,0.0042));
#2170=CARTESIAN_POINT('',(0.0096,0.0089,0.0042));
#2171=CARTESIAN_POINT('',(0.0096,0.0089,0.0017));
#2172=CARTESIAN_POINT('',(0.0096,0.0089,0.0042));
#2173=CARTESIAN_POINT('',(0.015,0.013,0.0042));
#2174=CARTESIAN_POINT('',(0.015,0.013,0.0017));
#2175=CARTESIAN_POINT('',(0.,0.,0.));
#2176=CARTESIAN_POINT('',(0.01155,0.0072,0.0042));
#2177=CARTESIAN_POINT('',(0.01155,0.0072,0.0017));
#2178=CARTESIAN_POINT('',(0.01155,0.0055,0.0017));
#2179=CARTESIAN_POINT('',(0.01155,0.0089,0.0017));
#2180=CARTESIAN_POINT('',(0.01155,0.0055,0.0042));
#2181=CARTESIAN_POINT('',(0.01155,0.0055,0.0042));
#2182=CARTESIAN_POINT('',(0.01155,0.0072,0.0042));
#2183=CARTESIAN_POINT('',(0.01155,0.0089,0.0042));
#2184=CARTESIAN_POINT('',(0.01155,0.0089,0.0042));
#2185=CARTESIAN_POINT('',(0.01285,0.0055,0.0042));
#2186=CARTESIAN_POINT('',(0.01285,0.0055,0.0017));
#2187=CARTESIAN_POINT('',(0.01415,0.0055,0.0017));
#2188=CARTESIAN_POINT('',(0.01415,0.0055,0.0042));
#2189=CARTESIAN_POINT('',(0.01415,0.0055,0.0042));
#2190=CARTESIAN_POINT('',(0.01285,0.0055,0.0042));
#2191=CARTESIAN_POINT('',(0.01415,0.0072,0.0042));
#2192=CARTESIAN_POINT('',(0.01415,0.0072,0.0017));
#2193=CARTESIAN_POINT('',(0.01415,0.0089,0.0017));
#2194=CARTESIAN_POINT('',(0.01415,0.0089,0.0042));
#2195=CARTESIAN_POINT('',(0.01415,0.0089,0.0042));
#2196=CARTESIAN_POINT('',(0.01415,0.0072,0.0042));
#2197=CARTESIAN_POINT('',(0.01285,0.0089,0.0042));
#2198=CARTESIAN_POINT('',(0.01285,0.0089,0.0017));
#2199=CARTESIAN_POINT('',(0.01285,0.0089,0.0042));
#2200=CARTESIAN_POINT('',(0.015,0.013,0.0042));
#2201=CARTESIAN_POINT('',(0.015,0.013,0.0017));
#2202=CARTESIAN_POINT('',(0.,0.,0.));
#2203=CARTESIAN_POINT('',(0.003125,0.0215,0.0037));
#2204=CARTESIAN_POINT('',(0.003125,0.0215,0.0017));
#2205=CARTESIAN_POINT('',(0.0018,0.0215,0.0017));
#2206=CARTESIAN_POINT('',(0.00445,0.0215,0.0017));
#2207=CARTESIAN_POINT('',(0.0018,0.0215,0.0037));
#2208=CARTESIAN_POINT('',(0.0018,0.0215,0.0037));
#2209=CARTESIAN_POINT('',(0.003125,0.0215,0.0037));
#2210=CARTESIAN_POINT('',(0.00445,0.0215,0.0037));
#2211=CARTESIAN_POINT('',(0.00445,0.0215,0.0037));
#2212=CARTESIAN_POINT('',(0.0018,0.019,0.0037));
#2213=CARTESIAN_POINT('',(0.0018,0.019,0.0017));
#2214=CARTESIAN_POINT('',(0.0018,0.0165,0.0017));
#2215=CARTESIAN_POINT('',(0.0018,0.0165,0.0037));
#2216=CARTESIAN_POINT('',(0.0018,0.0165,0.0037));
#2217=CARTESIAN_POINT('',(0.0018,0.019,0.0037));
#2218=CARTESIAN_POINT('',(0.003125,0.0165,0.0037));
#2219=CARTESIAN_POINT('',(0.003125,0.0165,0.0017));
#2220=CARTESIAN_POINT('',(0.00445,0.0165,0.0017));
#2221=CARTESIAN_POINT('',(0.00445,0.0165,0.0037));
#2222=CARTESIAN_POINT('',(0.00445,0.0165,0.0037));
#2223=CARTESIAN_POINT('',(0.003125,0.0165,0.0037));
#2224=CARTESIAN_POINT('',(0.00445,0.019,0.0037));
#2225=CARTESIAN_POINT('',(0.00445,0.019,0.0017));
#2226=CARTESIAN_POINT('',(0.00445,0.019,0.0037));
#2227=CARTESIAN_POINT('',(0.015,0.013,0.0037));
#2228=CARTESIAN_POINT('',(0.015,0.013,0.0017));
#2229=CARTESIAN_POINT('',(0.,0.,0.));
#2230=CARTESIAN_POINT('',(0.006325,0.02,0.0043));
#2231=CARTESIAN_POINT('',(0.006325,0.02,0.0017));
#2232=CARTESIAN_POINT('',(0.005,0.02,0.0017));
#2233=CARTESIAN_POINT('',(0.00765,0.02,0.0017));
#2234=CARTESIAN_POINT('',(0.005,0.02,0.0043));
#2235=CARTESIAN_POINT('',(0.005,0.02,0.0043));
#2236=CARTESIAN_POINT('',(0.006325,0.02,0.0043));
#2237=CARTESIAN_POINT('',(0.00765,0.02,0.0043));
#2238=CARTESIAN_POINT('',(0.00765,0.02,0.0043));
#2239=CARTESIAN_POINT('',(0.005,0.01825,0.0043));
#2240=CARTESIAN_POINT('',(0.005,0.01825,0.0017));
#2241=CARTESIAN_POINT('',(0.005,0.0165,0.0017));
#2242=CARTESIAN_POINT('',(0.005,0.0165,0.0043));
#2243=CARTESIAN_POINT('',(0.005,0.0165,0.0043));
#2244=CARTESIAN_POINT('',(0.005,0.01825,0.0043));
#2245=CARTESIAN_POINT('',(0.006325,0.0165,0.0043));
#2246=CARTESIAN_POINT('',(0.006325,0.0165,0.0017));
#2247=CARTESIAN_POINT('',(0.00765,0.0165,0.0017));
#2248=CARTESIAN_POINT('',(0.00765,0.0165,0.0043));
#2249=CARTESIAN_POINT('',(0.00765,0.0165,0.0043));
#2250=CARTESIAN_POINT('',(0.006325,0.0165,0.0043));
#2251=CARTESIAN_POINT('',(0.00765,0.01825,0.0043));
#2252=CARTESIAN_POINT('',(0.00765,0.01825,0.0017));
#2253=CARTESIAN_POINT('',(0.00765,0.01825,0.0043));
#2254=CARTESIAN_POINT('',(0.015,0.013,0.0043));
#2255=CARTESIAN_POINT('',(0.015,0.013,0.0017));
#2256=CARTESIAN_POINT('',(0.,0.,0.));
#2257=CARTESIAN_POINT('',(0.009375,0.02,0.0043));
#2258=CARTESIAN_POINT('',(0.009375,0.02,0.0017));
#2259=CARTESIAN_POINT('',(0.00805,0.02,0.0017));
#2260=CARTESIAN_POINT('',(0.0107,0.02,0.0017));
#2261=CARTESIAN_POINT('',(0.00805,0.02,0.0043));
#2262=CARTESIAN_POINT('',(0.00805,0.02,0.0043));
#2263=CARTESIAN_POINT('',(0.009375,0.02,0.0043));
#2264=CARTESIAN_POINT('',(0.0107,0.02,0.0043));
#2265=CARTESIAN_POINT('',(0.0107,0.02,0.0043));
#2266=CARTESIAN_POINT('',(0.00805,0.01825,0.0043));
#2267=CARTESIAN_POINT('',(0.00805,0.01825,0.0017));
#2268=CARTESIAN_POINT('',(0.00805,0.0165,0.0017));
#2269=CARTESIAN_POINT('',(0.00805,0.0165,0.0043));
#2270=CARTESIAN_POINT('',(0.00805,0.0165,0.0043));
#2271=CARTESIAN_POINT('',(0.00805,0.01825,0.0043));
#2272=CARTESIAN_POINT('',(0.009375,0.0165,0.0043));
#2273=CARTESIAN_POINT('',(0.009375,0.0165,0.0017));
#2274=CARTESIAN_POINT('',(0.0107,0.0165,0.0017));
#2275=CARTESIAN_POINT('',(0.0107,0.0165,0.0043));
#2276=CARTESIAN_POINT('',(0.0107,0.0165,0.0043));
#2277=CARTESIAN_POINT('',(0.009375,0.0165,0.0043));
#2278=CARTESIAN_POINT('',(0.0107,0.01825,0.0043));
#2279=CARTESIAN_POINT('',(0.0107,0.01825,0.0017));
#2280=CARTESIAN_POINT('',(0.0107,0.01825,0.0043));
#2281=CARTESIAN_POINT('',(0.015,0.013,0.0043));
#2282=CARTESIAN_POINT('',(0.015,0.013,0.0017));
#2283=CARTESIAN_POINT('',(0.,0.,0.));
#2284=CARTESIAN_POINT('',(0.012425,0.02,0.0043));
#2285=CARTESIAN_POINT('',(0.012425,0.02,0.0017));
#2286=CARTESIAN_POINT('',(0.0111,0.02,0.0017));
#2287=CARTESIAN_POINT('',(0.01375,0.02,0.0017));
#2288=CARTESIAN_POINT('',(0.0111,0.02,0.0043));
#2289=CARTESIAN_POINT('',(0.0111,0.02,0.0043));
#2290=CARTESIAN_POINT('',(0.012425,0.02,0.0043));
#2291=CARTESIAN_POINT('',(0.01375,0.02,0.0043));
#2292=CARTESIAN_POINT('',(0.01375,0.02,0.0043));
#2293=CARTESIAN_POINT('',(0.0111,0.01825,0.0043));
#2294=CARTESIAN_POINT('',(0.0111,0.01825,0.0017));
#2295=CARTESIAN_POINT('',(0.0111,0.0165,0.0017));
#2296=CARTESIAN_POINT('',(0.0111,0.0165,0.0043));
#2297=CARTESIAN_POINT('',(0.0111,0.0165,0.0043));
#2298=CARTESIAN_POINT('',(0.0111,0.01825,0.0043));
#2299=CARTESIAN_POINT('',(0.012425,0.0165,0.0043));
#2300=CARTESIAN_POINT('',(0.012425,0.0165,0.0017));
#2301=CARTESIAN_POINT('',(0.01375,0.0165,0.0017));
#2302=CARTESIAN_POINT('',(0.01375,0.0165,0.0043));
#2303=CARTESIAN_POINT('',(0.01375,0.0165,0.0043));
#2304=CARTESIAN_POINT('',(0.012425,0.0165,0.0043));
#2305=CARTESIAN_POINT('',(0.01375,0.01825,0.0043));
#2306=CARTESIAN_POINT('',(0.01375,0.01825,0.0017));
#2307=CARTESIAN_POINT('',(0.01375,0.01825,0.0043));
#2308=CARTESIAN_POINT('',(0.015,0.013,0.0043));
#2309=CARTESIAN_POINT('',(0.015,0.013,0.0017));
#2310=MECHANICAL_DESIGN_GEOMETRIC_PRESENTATION_REPRESENTATION('',(#1341),
#2320);
#2311=MECHANICAL_DESIGN_GEOMETRIC_PRESENTATION_REPRESENTATION('',(#1342),
#2321);
#2312=MECHANICAL_DESIGN_GEOMETRIC_PRESENTATION_REPRESENTATION('',(#1343),
#2322);
#2313=MECHANICAL_DESIGN_GEOMETRIC_PRESENTATION_REPRESENTATION('',(#1344),
#2323);
#2314=MECHANICAL_DESIGN_GEOMETRIC_PRESENTATION_REPRESENTATION('',(#1345),
#2324);
#2315=MECHANICAL_DESIGN_GEOMETRIC_PRESENTATION_REPRESENTATION('',(#1346),
#2325);
#2316=MECHANICAL_DESIGN_GEOMETRIC_PRESENTATION_REPRESENTATION('',(#1347),
#2326);
#2317=MECHANICAL_DESIGN_GEOMETRIC_PRESENTATION_REPRESENTATION('',(#1348),
#2327);
#2318=MECHANICAL_DESIGN_GEOMETRIC_PRESENTATION_REPRESENTATION('',(#1349),
#2328);
#2319=MECHANICAL_DESIGN_GEOMETRIC_PRESENTATION_REPRESENTATION('',(#1350),
#2329);
#2320=(
GEOMETRIC_REPRESENTATION_CONTEXT(3)
GLOBAL_UNCERTAINTY_ASSIGNED_CONTEXT((#2330))
GLOBAL_UNIT_ASSIGNED_CONTEXT((#2360,#2350,#2340))
REPRESENTATION_CONTEXT('PCB','TOP_LEVEL_ASSEMBLY_PART')
);
#2321=(
GEOMETRIC_REPRESENTATION_CONTEXT(3)
GLOBAL_UNCERTAINTY_ASSIGNED_CONTEXT((#2331))
GLOBAL_UNIT_ASSIGNED_CONTEXT((#2361,#2351,#2341))
REPRESENTATION_CONTEXT('Inductor','TOP_LEVEL_ASSEMBLY_PART')
);
#2322=(
GEOMETRIC_REPRESENTATION_CONTEXT(3)
GLOBAL_UNCERTAINTY_ASSIGNED_CONTEXT((#2332))
GLOBAL_UNIT_ASSIGNED_CONTEXT((#2362,#2352,#2342))
REPRESENTATION_CONTEXT('Capacitor','TOP_LEVEL_ASSEMBLY_PART')
);
#2323=(
GEOMETRIC_REPRESENTATION_CONTEXT(3)
GLOBAL_UNCERTAINTY_ASSIGNED_CONTEXT((#2333))
GLOBAL_UNIT_ASSIGNED_CONTEXT((#2363,#2353,#2343))
REPRESENTATION_CONTEXT('Capacitor','TOP_LEVEL_ASSEMBLY_PART')
);
#2324=(
GEOMETRIC_REPRESENTATION_CONTEXT(3)
GLOBAL_UNCERTAINTY_ASSIGNED_CONTEXT((#2334))
GLOBAL_UNIT_ASSIGNED_CONTEXT((#2364,#2354,#2344))
REPRESENTATION_CONTEXT('Capacitor','TOP_LEVEL_ASSEMBLY_PART')
);
#2325=(
GEOMETRIC_REPRESENTATION_CONTEXT(3)
GLOBAL_UNCERTAINTY_ASSIGNED_CONTEXT((#2335))
GLOBAL_UNIT_ASSIGNED_CONTEXT((#2365,#2355,#2345))
REPRESENTATION_CONTEXT('Capacitor','TOP_LEVEL_ASSEMBLY_PART')
);
#2326=(
GEOMETRIC_REPRESENTATION_CONTEXT(3)
GLOBAL_UNCERTAINTY_ASSIGNED_CONTEXT((#2336))
GLOBAL_UNIT_ASSIGNED_CONTEXT((#2366,#2356,#2346))
REPRESENTATION_CONTEXT('Diode','TOP_LEVEL_ASSEMBLY_PART')
);
#2327=(
GEOMETRIC_REPRESENTATION_CONTEXT(3)
GLOBAL_UNCERTAINTY_ASSIGNED_CONTEXT((#2337))
GLOBAL_UNIT_ASSIGNED_CONTEXT((#2367,#2357,#2347))
REPRESENTATION_CONTEXT('Capacitor','TOP_LEVEL_ASSEMBLY_PART')
);
#2328=(
GEOMETRIC_REPRESENTATION_CONTEXT(3)
GLOBAL_UNCERTAINTY_ASSIGNED_CONTEXT((#2338))
GLOBAL_UNIT_ASSIGNED_CONTEXT((#2368,#2358,#2348))
REPRESENTATION_CONTEXT('Capacitor','TOP_LEVEL_ASSEMBLY_PART')
);
#2329=(
GEOMETRIC_REPRESENTATION_CONTEXT(3)
GLOBAL_UNCERTAINTY_ASSIGNED_CONTEXT((#2339))
GLOBAL_UNIT_ASSIGNED_CONTEXT((#2369,#2359,#2349))
REPRESENTATION_CONTEXT('Capacitor','TOP_LEVEL_ASSEMBLY_PART')
);
#2330=UNCERTAINTY_MEASURE_WITH_UNIT(LENGTH_MEASURE(1.E-8),#2360,
'DISTANCE_ACCURACY_VALUE','Maximum Tolerance applied to model');
#2331=UNCERTAINTY_MEASURE_WITH_UNIT(LENGTH_MEASURE(1.E-8),#2361,
'DISTANCE_ACCURACY_VALUE','Maximum Tolerance applied to model');
#2332=UNCERTAINTY_MEASURE_WITH_UNIT(LENGTH_MEASURE(1.E-8),#2362,
'DISTANCE_ACCURACY_VALUE','Maximum Tolerance applied to model');
#2333=UNCERTAINTY_MEASURE_WITH_UNIT(LENGTH_MEASURE(1.E-8),#2363,
'DISTANCE_ACCURACY_VALUE','Maximum Tolerance applied to model');
#2334=UNCERTAINTY_MEASURE_WITH_UNIT(LENGTH_MEASURE(1.E-8),#2364,
'DISTANCE_ACCURACY_VALUE','Maximum Tolerance applied to model');
#2335=UNCERTAINTY_MEASURE_WITH_UNIT(LENGTH_MEASURE(1.E-8),#2365,
'DISTANCE_ACCURACY_VALUE','Maximum Tolerance applied to model');
#2336=UNCERTAINTY_MEASURE_WITH_UNIT(LENGTH_MEASURE(1.E-8),#2366,
'DISTANCE_ACCURACY_VALUE','Maximum Tolerance applied to model');
#2337=UNCERTAINTY_MEASURE_WITH_UNIT(LENGTH_MEASURE(1.E-8),#2367,
'DISTANCE_ACCURACY_VALUE','Maximum Tolerance applied to model');
#2338=UNCERTAINTY_MEASURE_WITH_UNIT(LENGTH_MEASURE(1.E-8),#2368,
'DISTANCE_ACCURACY_VALUE','Maximum Tolerance applied to model');
#2339=UNCERTAINTY_MEASURE_WITH_UNIT(LENGTH_MEASURE(1.E-8),#2369,
'DISTANCE_ACCURACY_VALUE','Maximum Tolerance applied to model');
#2340=(
NAMED_UNIT(*)
SI_UNIT($,.STERADIAN.)
SOLID_ANGLE_UNIT()
);
#2341=(
NAMED_UNIT(*)
SI_UNIT($,.STERADIAN.)
SOLID_ANGLE_UNIT()
);
#2342=(
NAMED_UNIT(*)
SI_UNIT($,.STERADIAN.)
SOLID_ANGLE_UNIT()
);
#2343=(
NAMED_UNIT(*)
SI_UNIT($,.STERADIAN.)
SOLID_ANGLE_UNIT()
);
#2344=(
NAMED_UNIT(*)
SI_UNIT($,.STERADIAN.)
SOLID_ANGLE_UNIT()
);
#2345=(
NAMED_UNIT(*)
SI_UNIT($,.STERADIAN.)
SOLID_ANGLE_UNIT()
);
#2346=(
NAMED_UNIT(*)
SI_UNIT($,.STERADIAN.)
SOLID_ANGLE_UNIT()
);
#2347=(
NAMED_UNIT(*)
SI_UNIT($,.STERADIAN.)
SOLID_ANGLE_UNIT()
);
#2348=(
NAMED_UNIT(*)
SI_UNIT($,.STERADIAN.)
SOLID_ANGLE_UNIT()
);
#2349=(
NAMED_UNIT(*)
SI_UNIT($,.STERADIAN.)
SOLID_ANGLE_UNIT()
);
#2350=(
NAMED_UNIT(*)
PLANE_ANGLE_UNIT()
SI_UNIT($,.RADIAN.)
);
#2351=(
NAMED_UNIT(*)
PLANE_ANGLE_UNIT()
SI_UNIT($,.RADIAN.)
);
#2352=(
NAMED_UNIT(*)
PLANE_ANGLE_UNIT()
SI_UNIT($,.RADIAN.)
);
#2353=(
NAMED_UNIT(*)
PLANE_ANGLE_UNIT()
SI_UNIT($,.RADIAN.)
);
#2354=(
NAMED_UNIT(*)
PLANE_ANGLE_UNIT()
SI_UNIT($,.RADIAN.)
);
#2355=(
NAMED_UNIT(*)
PLANE_ANGLE_UNIT()
SI_UNIT($,.RADIAN.)
);
#2356=(
NAMED_UNIT(*)
PLANE_ANGLE_UNIT()
SI_UNIT($,.RADIAN.)
);
#2357=(
NAMED_UNIT(*)
PLANE_ANGLE_UNIT()
SI_UNIT($,.RADIAN.)
);
#2358=(
NAMED_UNIT(*)
PLANE_ANGLE_UNIT()
SI_UNIT($,.RADIAN.)
);
#2359=(
NAMED_UNIT(*)
PLANE_ANGLE_UNIT()
SI_UNIT($,.RADIAN.)
);
#2360=(
LENGTH_UNIT()
NAMED_UNIT(*)
SI_UNIT($,.METRE.)
);
#2361=(
LENGTH_UNIT()
NAMED_UNIT(*)
SI_UNIT($,.METRE.)
);
#2362=(
LENGTH_UNIT()
NAMED_UNIT(*)
SI_UNIT($,.METRE.)
);
#2363=(
LENGTH_UNIT()
NAMED_UNIT(*)
SI_UNIT($,.METRE.)
);
#2364=(
LENGTH_UNIT()
NAMED_UNIT(*)
SI_UNIT($,.METRE.)
);
#2365=(
LENGTH_UNIT()
NAMED_UNIT(*)
SI_UNIT($,.METRE.)
);
#2366=(
LENGTH_UNIT()
NAMED_UNIT(*)
SI_UNIT($,.METRE.)
);
#2367=(
LENGTH_UNIT()
NAMED_UNIT(*)
SI_UNIT($,.METRE.)
);
#2368=(
LENGTH_UNIT()
NAMED_UNIT(*)
SI_UNIT($,.METRE.)
);
#2369=(
LENGTH_UNIT()
NAMED_UNIT(*)
SI_UNIT($,.METRE.)
);
#2370=PRODUCT_DEFINITION_SHAPE('','',#2380);
#2371=PRODUCT_DEFINITION_SHAPE('','',#2381);
#2372=PRODUCT_DEFINITION_SHAPE('','',#2382);
#2373=PRODUCT_DEFINITION_SHAPE('','',#2383);
#2374=PRODUCT_DEFINITION_SHAPE('','',#2384);
#2375=PRODUCT_DEFINITION_SHAPE('','',#2385);
#2376=PRODUCT_DEFINITION_SHAPE('','',#2386);
#2377=PRODUCT_DEFINITION_SHAPE('','',#2387);
#2378=PRODUCT_DEFINITION_SHAPE('','',#2388);
#2379=PRODUCT_DEFINITION_SHAPE('','',#2389);
#2380=PRODUCT_DEFINITION('','',#2400,#2390);
#2381=PRODUCT_DEFINITION('','',#2401,#2391);
#2382=PRODUCT_DEFINITION('','',#2402,#2392);
#2383=PRODUCT_DEFINITION('','',#2403,#2393);
#2384=PRODUCT_DEFINITION('','',#2404,#2394);
#2385=PRODUCT_DEFINITION('','',#2405,#2395);
#2386=PRODUCT_DEFINITION('','',#2406,#2396);
#2387=PRODUCT_DEFINITION('','',#2407,#2397);
#2388=PRODUCT_DEFINITION('','',#2408,#2398);
#2389=PRODUCT_DEFINITION('','',#2409,#2399);
#2390=PRODUCT_DEFINITION_CONTEXT('',#2460,'design');
#2391=PRODUCT_DEFINITION_CONTEXT('',#2461,'design');
#2392=PRODUCT_DEFINITION_CONTEXT('',#2462,'design');
#2393=PRODUCT_DEFINITION_CONTEXT('',#2463,'design');
#2394=PRODUCT_DEFINITION_CONTEXT('',#2464,'design');
#2395=PRODUCT_DEFINITION_CONTEXT('',#2465,'design');
#2396=PRODUCT_DEFINITION_CONTEXT('',#2466,'design');
#2397=PRODUCT_DEFINITION_CONTEXT('',#2467,'design');
#2398=PRODUCT_DEFINITION_CONTEXT('',#2468,'design');
#2399=PRODUCT_DEFINITION_CONTEXT('',#2469,'design');
#2400=PRODUCT_DEFINITION_FORMATION_WITH_SPECIFIED_SOURCE('','',#2420,
 .NOT_KNOWN.);
#2401=PRODUCT_DEFINITION_FORMATION_WITH_SPECIFIED_SOURCE('','',#2421,
 .NOT_KNOWN.);
#2402=PRODUCT_DEFINITION_FORMATION_WITH_SPECIFIED_SOURCE('','',#2422,
 .NOT_KNOWN.);
#2403=PRODUCT_DEFINITION_FORMATION_WITH_SPECIFIED_SOURCE('','',#2423,
 .NOT_KNOWN.);
#2404=PRODUCT_DEFINITION_FORMATION_WITH_SPECIFIED_SOURCE('','',#2424,
 .NOT_KNOWN.);
#2405=PRODUCT_DEFINITION_FORMATION_WITH_SPECIFIED_SOURCE('','',#2425,
 .NOT_KNOWN.);
#2406=PRODUCT_DEFINITION_FORMATION_WITH_SPECIFIED_SOURCE('','',#2426,
 .NOT_KNOWN.);
#2407=PRODUCT_DEFINITION_FORMATION_WITH_SPECIFIED_SOURCE('','',#2427,
 .NOT_KNOWN.);
#2408=PRODUCT_DEFINITION_FORMATION_WITH_SPECIFIED_SOURCE('','',#2428,
 .NOT_KNOWN.);
#2409=PRODUCT_DEFINITION_FORMATION_WITH_SPECIFIED_SOURCE('','',#2429,
 .NOT_KNOWN.);
#2410=PRODUCT_RELATED_PRODUCT_CATEGORY('','',(#2420));
#2411=PRODUCT_RELATED_PRODUCT_CATEGORY('','',(#2421));
#2412=PRODUCT_RELATED_PRODUCT_CATEGORY('','',(#2422));
#2413=PRODUCT_RELATED_PRODUCT_CATEGORY('','',(#2423));
#2414=PRODUCT_RELATED_PRODUCT_CATEGORY('','',(#2424));
#2415=PRODUCT_RELATED_PRODUCT_CATEGORY('','',(#2425));
#2416=PRODUCT_RELATED_PRODUCT_CATEGORY('','',(#2426));
#2417=PRODUCT_RELATED_PRODUCT_CATEGORY('','',(#2427));
#2418=PRODUCT_RELATED_PRODUCT_CATEGORY('','',(#2428));
#2419=PRODUCT_RELATED_PRODUCT_CATEGORY('','',(#2429));
#2420=PRODUCT('PCB','PCB','PCB',(#2440));
#2421=PRODUCT('Inductor','Inductor','Inductor',(#2441));
#2422=PRODUCT('Capacitor','Capacitor','Capacitor',(#2442));
#2423=PRODUCT('Capacitor','Capacitor','Capacitor',(#2443));
#2424=PRODUCT('Capacitor','Capacitor','Capacitor',(#2444));
#2425=PRODUCT('Capacitor','Capacitor','Capacitor',(#2445));
#2426=PRODUCT('Diode','Diode','Diode',(#2446));
#2427=PRODUCT('Capacitor','Capacitor','Capacitor',(#2447));
#2428=PRODUCT('Capacitor','Capacitor','Capacitor',(#2448));
#2429=PRODUCT('Capacitor','Capacitor','Capacitor',(#2449));
#2430=PRODUCT_CATEGORY('','');
#2431=PRODUCT_CATEGORY('','');
#2432=PRODUCT_CATEGORY('','');
#2433=PRODUCT_CATEGORY('','');
#2434=PRODUCT_CATEGORY('','');
#2435=PRODUCT_CATEGORY('','');
#2436=PRODUCT_CATEGORY('','');
#2437=PRODUCT_CATEGORY('','');
#2438=PRODUCT_CATEGORY('','');
#2439=PRODUCT_CATEGORY('','');
#2440=PRODUCT_CONTEXT('',#2460,'mechanical');
#2441=PRODUCT_CONTEXT('',#2461,'mechanical');
#2442=PRODUCT_CONTEXT('',#2462,'mechanical');
#2443=PRODUCT_CONTEXT('',#2463,'mechanical');
#2444=PRODUCT_CONTEXT('',#2464,'mechanical');
#2445=PRODUCT_CONTEXT('',#2465,'mechanical');
#2446=PRODUCT_CONTEXT('',#2466,'mechanical');
#2447=PRODUCT_CONTEXT('',#2467,'mechanical');
#2448=PRODUCT_CONTEXT('',#2468,'mechanical');
#2449=PRODUCT_CONTEXT('',#2469,'mechanical');
#2450=APPLICATION_PROTOCOL_DEFINITION('international standard',
'ap242_managed_model_based_3d_engineering',2020,#2460);
#2451=APPLICATION_PROTOCOL_DEFINITION('international standard',
'ap242_managed_model_based_3d_engineering',2020,#2461);
#2452=APPLICATION_PROTOCOL_DEFINITION('international standard',
'ap242_managed_model_based_3d_engineering',2020,#2462);
#2453=APPLICATION_PROTOCOL_DEFINITION('international standard',
'ap242_managed_model_based_3d_engineering',2020,#2463);
#2454=APPLICATION_PROTOCOL_DEFINITION('international standard',
'ap242_managed_model_based_3d_engineering',2020,#2464);
#2455=APPLICATION_PROTOCOL_DEFINITION('international standard',
'ap242_managed_model_based_3d_engineering',2020,#2465);
#2456=APPLICATION_PROTOCOL_DEFINITION('international standard',
'ap242_managed_model_based_3d_engineering',2020,#2466);
#2457=APPLICATION_PROTOCOL_DEFINITION('international standard',
'ap242_managed_model_based_3d_engineering',2020,#2467);
#2458=APPLICATION_PROTOCOL_DEFINITION('international standard',
'ap242_managed_model_based_3d_engineering',2020,#2468);
#2459=APPLICATION_PROTOCOL_DEFINITION('international standard',
'ap242_managed_model_based_3d_engineering',2020,#2469);
#2460=APPLICATION_CONTEXT('managed model based 3d engineering');
#2461=APPLICATION_CONTEXT('managed model based 3d engineering');
#2462=APPLICATION_CONTEXT('managed model based 3d engineering');
#2463=APPLICATION_CONTEXT('managed model based 3d engineering');
#2464=APPLICATION_CONTEXT('managed model based 3d engineering');
#2465=APPLICATION_CONTEXT('managed model based 3d engineering');
#2466=APPLICATION_CONTEXT('managed model based 3d engineering');
#2467=APPLICATION_CONTEXT('managed model based 3d engineering');
#2468=APPLICATION_CONTEXT('managed model based 3d engineering');
#2469=APPLICATION_CONTEXT('managed model based 3d engineering');
ENDSEC;
END-ISO-10303-21;
